log_date,game_date,pitcher_name,team,opp_team,home_team,away_team,pred_k,has_line,book_line,book_side,best_book,best_odds,book_implied,model_prob_book_line,edge_book,pp_line,pp_side,model_prob_pp_line,edge_pp,game_pk,pitcher,actual_k,hit_book_side
2026-06-14,2026-06-13,Trey Gibson,BAL,SD,BAL,SD,4.959297848009724,1,3.5,over,novig,126.0,0.4424778761061947,0.6143725630493946,0.1719,,,,,824828,694346,7,1
2026-06-14,2026-06-13,José Soriano,LAA,TB,LAA,TB,7.42559855045673,1,5.5,over,novig,106.0,0.4854368932038835,0.6434277482690762,0.158,5.5,over,0.6434277482690762,0.1,824019,667755,5,0
2026-06-14,2026-06-13,Randy Vásquez,SD,BAL,BAL,SD,4.943070204983829,1,3.5,over,betrivers,-104.0,0.5098039215686274,0.6362488304082436,0.1264,3.5,over,0.6362488304082436,0.0929,824828,681190,5,1
2026-06-14,2026-06-13,Griffin Jax,TB,LAA,LAA,TB,4.225218817726708,1,5.5,under,betrivers,-124.0,0.5535714285714286,0.6522043607097949,0.0986,5.0,under,0.6522043607097949,0.1088,824019,643377,5,1
2026-06-14,2026-06-13,Mike Burrows,HOU,KC,KC,HOU,4.850760764605197,1,4.5,over,prophetx,144.0,0.4098360655737705,0.4828547048751446,0.073,4.0,over,0.4828547048751446,-0.0605,824100,681347,5,1
2026-06-14,2026-06-13,Joey Cantillo,CLE,DET,CLE,DET,6.035826050864972,1,4.5,over,betmgm,-140.0,0.5833333333333334,0.6523952435698911,0.0691,5.0,over,0.5009738720629078,-0.0424,824426,676282,4,0
2026-06-14,2026-06-13,Rhett Lowder,CIN,AZ,CIN,AZ,4.071743291975508,1,3.5,over,novig,116.0,0.4629629629629629,0.531954484564809,0.069,3.5,over,0.531954484564809,-0.0114,824508,695076,6,1
2026-06-14,2026-06-13,Kevin Gausman,TOR,NYY,TOR,NYY,5.350209842312063,1,6.5,under,prophetx,-138.0,0.5798319327731093,0.6476418016236383,0.0678,6.0,under,0.6476418016236383,0.1043,822802,592332,7,0
2026-06-14,2026-06-13,Michael Soroka,AZ,CIN,CIN,AZ,5.315947527839976,1,5.5,under,betmgm,120.0,0.4545454545454545,0.515991186779535,0.0614,6.0,under,0.6581785362059291,0.1148,824508,647336,7,0
2026-06-14,2026-06-13,Luis Castillo,SEA,WSH,WSH,SEA,4.9477978325180585,1,4.5,over,novig,114.0,0.4672897196261682,0.5206496428023244,0.0534,,,,,822725,622491,4,0
2026-06-14,2026-06-13,Connor Prielipp,MIN,STL,MIN,STL,5.600792256594266,1,4.5,over,betmgm,-125.0,0.5555555555555556,0.6055246154771206,0.05,,,,,823694,687570,2,0
2026-06-14,2026-06-13,Sean Burke,CWS,LAD,CWS,LAD,4.470435074080447,1,4.5,under,betmgm,120.0,0.4545454545454545,0.503420207503908,0.0489,5.0,under,0.6593295820631173,0.116,824587,680732,6,0
2026-06-14,2026-06-13,Ben Brown,CHC,SF,SF,CHC,4.362914437562924,1,4.5,under,betmgm,105.0,0.4878048780487805,0.5303636609821375,0.0426,4.5,under,0.5303636609821375,-0.013,823213,676962,3,1
2026-06-14,2026-06-13,Matthew Liberatore,STL,MIN,MIN,STL,4.8427037162768745,1,4.5,over,novig,116.0,0.4629629629629629,0.503714705654498,0.0408,4.5,over,0.503714705654498,-0.0397,823694,669461,4,0
2026-06-14,2026-06-13,Bubba Chandler,PIT,MIA,PIT,MIA,5.151311548266111,1,4.5,over,fanduel,-104.0,0.5098039215686274,0.5504466618559377,0.0406,4.5,over,0.5504466618559377,0.0071,823369,696149,6,1
2026-06-14,2026-06-13,Martín Pérez,ATL,NYM,NYM,ATL,4.592672266772344,1,3.5,over,novig,-137.0,0.5780590717299579,0.6183808432047444,0.0403,4.0,over,0.4450589987433166,-0.0983,823616,527048,4,1
2026-06-14,2026-06-13,Noah Cameron,KC,HOU,KC,HOU,5.281361875526997,1,4.5,over,prophetx,-111.0,0.5260663507109005,0.5653821969700887,0.0393,4.5,over,0.5653821969700887,0.022,824100,702070,1,0
2026-06-14,2026-06-13,Joey Estes,ATH,COL,ATH,COL,3.843873274499463,1,3.5,over,prophetx,116.0,0.4629629629629629,0.4982125021930704,0.0352,,,,,824995,683155,4,1
2026-06-14,2026-06-13,Trevor McDonald,SF,CHC,SF,CHC,4.672709214525057,1,4.5,over,betrivers,116.0,0.4629629629629629,0.4911427572522168,0.0282,4.0,over,0.4911427572522168,-0.0522,823213,686790,4,0
2026-06-14,2026-06-13,Yoshinobu Yamamoto,LAD,CWS,CWS,LAD,5.639150406083325,1,6.5,under,novig,-142.0,0.5867768595041323,0.610710971817354,0.0239,6.0,under,0.610710971817354,0.0673,824587,808967,7,0
2026-06-14,2026-06-13,Tarik Skubal,DET,CLE,CLE,DET,5.858234385914342,1,5.5,over,betrivers,102.0,0.495049504950495,0.5174191971682787,0.0224,5.5,over,0.5174191971682787,-0.026,824426,669373,4,0
2026-06-14,2026-06-13,Cade Cavalli,WSH,SEA,WSH,SEA,5.844712507642549,1,4.5,over,fanduel,-170.0,0.6296296296296297,0.6503179421506718,0.0207,5.0,over,0.4986187047278074,-0.0448,822725,676917,5,1
2026-06-14,2026-06-13,Ranger Suarez,BOS,TEX,BOS,TEX,5.780184578136929,1,5.5,over,novig,106.0,0.4854368932038835,0.5031987673106608,0.0178,5.5,over,0.5031987673106608,-0.0402,824749,624133,7,1
2026-06-14,2026-06-13,Cam Schlittler,NYY,TOR,TOR,NYY,5.0595665483614125,1,5.5,under,betrivers,-139.0,0.5815899581589958,0.5909653306562812,0.0094,5.0,under,0.5909653306562812,0.0476,822802,693645,7,0
2026-06-14,2026-06-13,Jacob deGrom,TEX,BOS,BOS,TEX,5.897704186540642,1,6.5,under,draftkings,-147.0,0.5951417004048583,0.6026038385042674,0.0075,6.0,under,0.6026038385042674,0.0592,824749,594798,5,1
2026-06-14,2026-06-13,Kyle Freeland,COL,ATH,ATH,COL,4.322090269006206,1,4.5,under,betrivers,-127.0,0.5594713656387665,0.5531200613611318,-0.0064,,,,,824995,607536,4,1
2026-06-14,2026-06-13,Lake Bachar,MIA,PIT,PIT,MIA,2.637519419040545,0,,,,,,,,,,,,823369,669199,4,-2
2026-06-14,2026-06-13,Shane Drohan,MIL,PHI,MIL,PHI,5.319387990623728,0,,,,,,,,5.0,over,0.4459076253635858,-0.0975,823776,675660,7,-2
2026-06-14,2026-06-13,Aaron Nola,PHI,MIL,MIL,PHI,5.062938582483461,0,,,,,,,,5.0,under,0.5944265926318303,0.051,823776,605400,3,-2
2026-06-15,2026-06-14,Grayson Rodriguez,LAA,TB,LAA,TB,5.709104656907531,1,3.5,over,betmgm,-115.0,0.5348837209302325,0.7020756546578658,0.1672,,,,,824021,680570,1,0
2026-06-15,2026-06-14,Connelly Early,BOS,TEX,BOS,TEX,5.341667131401319,1,5.5,under,betrivers,-104.0,0.5098039215686274,0.5351125439275548,0.0253,5.5,under,0.5351125439275548,-0.0083,824751,813349,3,1
2026-06-15,2026-06-14,Nathan Eovaldi,TEX,BOS,BOS,TEX,4.917077665278378,1,4.5,over,novig,-133.0,0.5708154506437768,0.5466533107093726,-0.0242,5.0,under,0.6112372369183241,0.0679,824751,543135,6,1
2026-06-15,2026-06-14,Paul Skenes,PIT,MIA,PIT,MIA,6.314544307882474,0,,,,,,,,,,,,823368,694973,10,-2
2026-06-15,2026-06-14,Max Meyer,MIA,PIT,PIT,MIA,5.200412342853329,0,,,,,,,,,,,,823368,676974,9,-2
2026-06-15,2026-06-14,Trevor Rogers,BAL,SD,BAL,SD,4.221987720468992,0,,,,,,,,,,,,824823,669432,4,-2
2026-06-15,2026-06-14,Walker Buehler,SD,BAL,BAL,SD,4.165981878500603,0,,,,,,,,,,,,824823,621111,5,-2
2026-06-15,2026-06-14,PJ Poulin,WSH,SEA,WSH,SEA,1.6194422219981364,0,,,,,,,,,,,,822722,676571,0,-2
2026-06-15,2026-06-14,Emerson Hancock,SEA,WSH,WSH,SEA,4.364497789485209,0,,,,,,,,,,,,822722,676106,2,-2
2026-06-15,2026-06-14,Patrick Corbin,TOR,NYY,TOR,NYY,4.306168842930177,0,,,,,,,,,,,,822801,571578,3,-2
2026-06-15,2026-06-14,Will Warren,NYY,TOR,TOR,NYY,4.700640831151276,0,,,,,,,,,,,,822801,701542,1,-2
2026-06-15,2026-06-14,Andrew Abbott,CIN,AZ,CIN,AZ,3.931326312804173,0,,,,,,,,,,,,824506,671096,5,-2
2026-06-15,2026-06-14,Zac Gallen,AZ,CIN,CIN,AZ,4.265337966057,0,,,,,,,,,,,,824506,668678,4,-2
2026-06-15,2026-06-14,Freddy Peralta,NYM,ATL,NYM,ATL,5.065543056559689,0,,,,,,,,,,,,823615,642547,2,-2
2026-06-15,2026-06-14,Bryce Elder,ATL,NYM,NYM,ATL,4.345166874152765,0,,,,,,,,,,,,823615,693821,2,-2
2026-06-15,2026-06-14,Stephen Kolek,KC,HOU,KC,HOU,4.797100889384774,0,,,,,,,,,,,,824099,663568,4,-2
2026-06-15,2026-06-14,Spencer Arrighetti,HOU,KC,KC,HOU,4.104682499848445,0,,,,,,,,,,,,824099,681293,7,-2
2026-06-15,2026-06-14,Taj Bradley,MIN,STL,MIN,STL,5.844466673860819,0,,,,,,,,,,,,823693,671737,7,-2
2026-06-15,2026-06-14,Michael McGreevy,STL,MIN,MIN,STL,3.821532604620868,0,,,,,,,,,,,,823693,700241,2,-2
2026-06-15,2026-06-14,Bryan Hudson,CWS,LAD,CWS,LAD,1.262762403261276,0,,,,,,,,,,,,824586,663542,0,-2
2026-06-15,2026-06-14,Emmet Sheehan,LAD,CWS,CWS,LAD,4.923117306887179,0,,,,,,,,,,,,824586,686218,8,-2
2026-06-15,2026-06-14,Kyle Harrison,MIL,PHI,MIL,PHI,6.542804631488587,0,,,,,,,,,,,,823777,690986,3,-2
2026-06-15,2026-06-14,Cristopher Sánchez,PHI,MIL,MIL,PHI,6.195881668483821,0,,,,,,,,,,,,823777,650911,3,-2
2026-06-15,2026-06-14,Jeffrey Springs,ATH,COL,ATH,COL,4.264104742656864,0,,,,,,,,,,,,824994,605488,5,-2
2026-06-15,2026-06-14,Tomoyuki Sugano,COL,ATH,ATH,COL,3.416841509960981,0,,,,,,,,,,,,824994,608372,2,-2
2026-06-15,2026-06-14,Logan Webb,SF,CHC,SF,CHC,4.732579900388257,0,,,,,,,,,,,,823212,657277,7,-2
2026-06-15,2026-06-14,Ryan Rolison,CHC,SF,SF,CHC,1.0682649511663678,0,,,,,,,,,,,,823212,669020,0,-2
2026-06-15,2026-06-14,Casey Legumina,TB,LAA,LAA,TB,1.3999104479086533,0,,,,,,,,,,,,824021,668984,1,-2
2026-06-15,2026-06-14,Gavin Williams,CLE,DET,CLE,DET,6.452683728357669,0,,,,,,,,,,,,824424,668909,-1,-2
2026-06-15,2026-06-14,Casey Mize,DET,CLE,CLE,DET,3.989189317566996,0,,,,,,,,,,,,824424,663554,-1,-2
2026-06-16,2026-06-15,Eric Lauer,LAD,TB,LAD,TB,4.395555815470825,1,3.5,over,novig,149.0,0.4016064257028112,0.5480433729068023,0.1464,,,,,823938,641778,4,1
2026-06-16,2026-06-15,Walbert Ureña,LAA,AZ,AZ,LAA,5.527459203825558,1,4.5,over,novig,131.0,0.4329004329004329,0.5581346367551175,0.1252,4.0,over,0.5581346367551175,0.0148,825071,700712,3,0
2026-06-16,2026-06-15,Ryan Gusto,MIA,PHI,PHI,MIA,5.23799782982774,1,3.5,over,novig,-130.0,0.5652173913043478,0.6753843520480086,0.1102,4.0,over,0.5096839695381485,-0.0337,823452,687473,1,0
2026-06-16,2026-06-15,Nick Martinez,TB,LAD,LAD,TB,4.206589577746089,1,3.5,over,novig,121.0,0.4524886877828054,0.5404411231413666,0.088,,,,,823938,607259,6,1
2026-06-16,2026-06-15,J.T. Ginn,ATH,PIT,ATH,PIT,5.642768201896056,1,4.5,over,betrivers,-118.0,0.5412844036697247,0.6088983867737349,0.0676,4.5,over,0.6088983867737349,0.0655,824993,669372,3,0
2026-06-16,2026-06-15,Troy Melton,DET,HOU,HOU,DET,4.627571302449806,1,4.5,over,novig,156.0,0.390625,0.4561420102109986,0.0655,4.0,over,0.4561420102109986,-0.0872,824181,675512,-1,-2
2026-06-16,2026-06-15,Dustin May,STL,SD,STL,SD,6.1545734892184125,1,4.5,over,fanduel,-164.0,0.6212121212121212,0.6749359156807752,0.0537,5.0,over,0.5269522716598103,-0.0164,823046,669160,9,1
2026-06-16,2026-06-15,Shota Imanaga,CHC,COL,CHC,COL,5.46368357184827,1,6.5,under,fanduel,-142.0,0.5867768595041323,0.6343535989185844,0.0476,6.0,under,0.6343535989185844,0.091,824666,684007,3,1
2026-06-16,2026-06-15,Jared Jones,PIT,ATH,ATH,PIT,5.363629931814903,1,4.5,over,novig,-125.0,0.5555555555555556,0.5820315548100674,0.0265,5.0,under,0.5753691036038339,0.032,824993,683003,4,0
2026-06-16,2026-06-15,Michael Lorenzen,COL,CHC,CHC,COL,4.5812760287641945,1,3.5,over,betmgm,-155.0,0.6078431372549019,0.6320805369842595,0.0242,4.0,over,0.4601013940868865,-0.0833,824666,547179,5,1
2026-06-16,2026-06-15,Andrew Alvarez,WSH,KC,WSH,KC,3.969932544699706,1,4.5,under,fanduel,-132.0,0.5689655172413793,0.5910780350366218,0.0221,4.0,under,0.5910780350366218,0.0477,822724,674841,5,0
2026-06-16,2026-06-15,MacKenzie Gore,TEX,MIN,TEX,MIN,5.678201971767698,1,5.5,under,novig,115.0,0.4651162790697674,0.4831537349464281,0.018,6.0,under,0.6271295468062474,0.0838,822887,669022,10,0
2026-06-16,2026-06-15,Ryne Nelson,AZ,LAA,AZ,LAA,5.381524462860598,1,4.5,over,novig,-134.0,0.5726495726495726,0.5904245331094633,0.0178,5.0,under,0.5666209839991212,0.0232,825071,669194,5,1
2026-06-16,2026-06-15,Mitch Spence,KC,WSH,WSH,KC,3.226903726639,1,3.5,under,novig,-126.0,0.5575221238938053,0.5743402272824732,0.0168,,,,,822724,687765,1,1
2026-06-16,2026-06-15,Chase Burns,CIN,NYM,CIN,NYM,7.04179450346814,1,7.5,under,novig,-133.0,0.5708154506437768,0.5731209326024025,0.0023,7.0,under,0.5731209326024025,0.0297,824505,695505,7,1
2026-06-16,2026-06-15,Zack Wheeler,PHI,MIA,PHI,MIA,6.190440083180434,1,6.5,under,betrivers,-129.0,0.5633187772925764,0.5588959084061043,-0.0044,6.0,under,0.5588959084061043,0.0155,823452,554430,9,0
2026-06-16,2026-06-15,Kai-Wei Teng,HOU,DET,HOU,DET,5.287109624332247,1,5.5,under,betrivers,-152.0,0.6031746031746031,0.5736136275996659,-0.0296,5.0,under,0.5736136275996659,0.0302,824181,678906,9,0
2026-06-16,2026-06-15,Tobias Myers,NYM,CIN,CIN,NYM,2.956242114355012,0,,,,,,,,,,,,824505,668964,1,-2
2026-06-17,2026-06-16,Merrill Kelly,AZ,LAA,AZ,LAA,5.879516908740296,1,4.5,over,novig,120.0,0.4545454545454545,0.5993862153748611,0.1448,4.5,over,0.5993862153748611,0.056,825070,518876,4,0
2026-06-17,2026-06-16,Adrian Houser,SF,ATL,ATL,SF,4.499520537528764,1,3.5,over,novig,123.0,0.4484304932735426,0.573322832745122,0.1249,,,,,824912,605288,-1,-2
2026-06-17,2026-06-16,Davis Martin,CWS,NYY,NYY,CWS,6.503945645715438,1,5.5,over,novig,128.0,0.4385964912280701,0.5522493302889436,0.1137,5.5,over,0.5522493302889436,0.0089,823535,663436,4,0
2026-06-17,2026-06-16,Andre Pallante,STL,SD,STL,SD,5.3236847609453655,1,3.5,over,prophetx,-138.0,0.5798319327731093,0.6887166547784048,0.1089,4.0,over,0.5256068220320358,-0.0178,823045,669467,6,1
2026-06-17,2026-06-16,Mitch Keller,PIT,ATH,ATH,PIT,5.355336646485517,1,4.5,over,novig,131.0,0.4329004329004329,0.5412770422493054,0.1084,4.0,over,0.5412770422493054,-0.0021,824991,656605,7,1
2026-06-17,2026-06-16,Kumar Rocker,TEX,MIN,TEX,MIN,5.052744897242155,1,4.5,over,novig,147.0,0.4048582995951417,0.5049718371219812,0.1001,4.0,over,0.5049718371219812,-0.0384,822888,677958,4,0
2026-06-17,2026-06-16,Grant Holmes,ATL,SF,ATL,SF,5.574846476244092,1,4.5,over,prophetx,108.0,0.4807692307692308,0.580257740914263,0.0995,4.5,over,0.580257740914263,0.0369,824912,656550,-1,-2
2026-06-17,2026-06-16,Brady Singer,CIN,NYM,CIN,NYM,5.465210526515069,1,4.5,over,draftkings,105.0,0.4878048780487805,0.570641335268945,0.0828,4.5,over,0.570641335268945,0.0273,824504,663903,5,1
2026-06-17,2026-06-16,Justin Wrobleski,LAD,TB,LAD,TB,4.957730413532948,1,4.5,over,novig,140.0,0.4166666666666667,0.4980706736057239,0.0814,4.0,over,0.4980706736057239,-0.0453,823939,680736,5,1
2026-06-17,2026-06-16,Jack Perkins,ATH,PIT,ATH,PIT,5.569496070740549,1,4.5,over,betrivers,-107.0,0.5169082125603864,0.5946115578444,0.0777,4.5,over,0.5946115578444,0.0512,824991,678022,6,1
2026-06-17,2026-06-16,Jesús Luzardo,PHI,MIA,PHI,MIA,6.057155175931343,1,6.5,under,novig,115.0,0.4651162790697674,0.5386843980343853,0.0736,6.5,under,0.5386843980343853,-0.0047,823451,666200,9,0
2026-06-17,2026-06-16,Michael Wacha,KC,WSH,WSH,KC,4.817259894264828,1,4.5,over,novig,142.0,0.4132231404958678,0.4829450279786179,0.0697,4.0,over,0.4829450279786179,-0.0604,822723,608379,3,0
2026-06-17,2026-06-16,Reid Detmers,LAA,AZ,AZ,LAA,5.960475392077874,1,5.5,over,novig,133.0,0.4291845493562232,0.49809679520093,0.0689,5.0,over,0.49809679520093,-0.0453,825070,672282,3,0
2026-06-17,2026-06-16,Logan Gilbert,SEA,BAL,SEA,BAL,6.396229550700189,1,6.5,under,novig,128.0,0.4385964912280701,0.5012420682113972,0.0626,7.0,under,0.6342099714727374,0.0908,823128,669302,10,0
2026-06-17,2026-06-16,Zebby Matthews,MIN,TEX,TEX,MIN,5.097254181439401,1,4.5,over,novig,109.0,0.4784688995215311,0.5360436968419878,0.0576,4.5,over,0.5360436968419878,-0.0073,822888,805673,4,0
2026-06-17,2026-06-16,Framber Valdez,DET,HOU,HOU,DET,5.162866665186799,1,4.5,over,novig,100.0,0.5,0.5481818950872388,0.0482,4.5,over,0.5481818950872388,0.0048,824182,664285,6,1
2026-06-17,2026-06-16,Gerrit Cole,NYY,CWS,NYY,CWS,5.273140702123898,1,5.5,under,prophetx,107.0,0.4830917874396135,0.5307169973048301,0.0476,5.5,under,0.5307169973048301,-0.0127,823535,543037,6,0
2026-06-17,2026-06-16,Kodai Senga,NYM,CIN,CIN,NYM,4.440164940802763,1,5.5,under,betmgm,-155.0,0.6078431372549019,0.6533077472739097,0.0455,5.0,under,0.6533077472739097,0.1099,824504,673540,5,1
2026-06-17,2026-06-16,Hunter Brown,HOU,DET,HOU,DET,6.30429989637372,1,6.5,under,novig,103.0,0.4926108374384236,0.5277573087170188,0.0351,6.5,under,0.5277573087170188,-0.0156,824182,686613,7,0
2026-06-17,2026-06-16,Dylan Cease,TOR,BOS,BOS,TOR,7.4199931779093875,1,6.5,over,prophetx,-118.0,0.5412844036697247,0.5704636036851505,0.0292,,,,,824750,656302,7,1
2026-06-17,2026-06-16,Drew Rasmussen,TB,LAD,LAD,TB,4.96013303007134,1,5.5,under,prophetx,-129.0,0.5633187772925764,0.5883565683439027,0.025,5.0,under,0.5883565683439027,0.045,823939,656876,7,0
2026-06-17,2026-06-16,Ryan Feltner,COL,CHC,CHC,COL,4.073491969527407,1,3.5,over,prophetx,-115.0,0.5348837209302325,0.5568473555582889,0.022,3.5,over,0.5568473555582889,0.0135,824667,663372,7,1
2026-06-17,2026-06-16,Michael King,SD,STL,STL,SD,4.245625338534149,1,4.5,under,prophetx,-119.0,0.54337899543379,0.5576108551133072,0.0142,4.0,over,0.4423891448866928,-0.101,823045,650633,1,1
2026-06-17,2026-06-16,Payton Tolle,BOS,TOR,BOS,TOR,4.855429243073452,1,5.5,under,novig,-144.0,0.5901639344262295,0.6039635609995458,0.0138,5.0,under,0.6039635609995458,0.0606,824750,801139,6,0
2026-06-17,2026-06-16,Edward Cabrera,CHC,COL,CHC,COL,5.470571249675125,1,5.5,over,prophetx,120.0,0.4545454545454545,0.4646344227761112,0.0101,,,,,824667,665795,3,0
2026-06-17,2026-06-16,Slade Cecconi,CLE,MIL,MIL,CLE,4.537277062482592,1,4.5,over,prophetx,116.0,0.4629629629629629,0.4727993454957506,0.0098,,,,,823775,677944,4,0
2026-06-17,2026-06-16,Foster Griffin,WSH,KC,WSH,KC,5.035566030599862,1,5.5,under,betmgm,-140.0,0.5833333333333334,0.5903283143457628,0.007,5.0,under,0.5903283143457628,0.0469,822723,656492,6,0
2026-06-17,2026-06-16,Brandon Young,BAL,SEA,SEA,BAL,4.387047394722732,1,4.5,over,novig,120.0,0.4545454545454545,0.4546587585424086,0.0001,4.5,under,0.5453412414575913,0.002,823128,687064,2,0
2026-06-17,2026-06-16,Tyler Phillips,MIA,PHI,PHI,MIA,4.097477773068238,1,3.5,over,novig,-139.0,0.5815899581589958,0.5750909620162381,-0.0065,4.0,under,0.6005733984414152,0.0572,823451,663969,4,1
2026-06-17,2026-06-16,Robert Gasser,MIL,CLE,MIL,CLE,4.904268335698279,1,4.5,over,novig,-137.0,0.5780590717299579,0.5465607684704921,-0.0315,5.0,under,0.61132896824868,0.0679,823775,688107,5,1
2026-06-18,2026-06-17,Peter Lambert,HOU,DET,HOU,DET,6.364122284981608,1,5.5,over,novig,153.0,0.3952569169960474,0.5266975507850815,0.1314,5.0,over,0.5266975507850815,-0.0167,824178,663567,5,0
2026-06-18,2026-06-17,Max Scherzer,TOR,BOS,BOS,TOR,4.692347455323853,1,3.5,over,novig,104.0,0.4901960784313725,0.6028778939138495,0.1127,3.5,over,0.6028778939138495,0.0595,824746,453286,-1,-2
2026-06-18,2026-06-17,Shohei Ohtani,LAD,TB,LAD,TB,7.282241326681752,1,6.5,over,betmgm,120.0,0.4545454545454545,0.5308313088212775,0.0763,6.0,over,0.5308313088212775,-0.0125,823940,660271,5,0
2026-06-18,2026-06-17,Jake Bennett,BOS,TOR,BOS,TOR,3.8050152395746553,1,3.5,over,novig,147.0,0.4048582995951417,0.4791841269257424,0.0743,3.0,over,0.4791841269257424,-0.0642,824746,687562,5,1
2026-06-18,2026-06-17,Gavin Williams,CLE,MIL,MIL,CLE,5.874024137276087,1,6.5,under,novig,102.0,0.495049504950495,0.5669808600910711,0.0719,6.5,under,0.5669808600910711,0.0236,823774,668909,4,1
2026-06-18,2026-06-17,Brandon Sproat,MIL,CLE,MIL,CLE,5.256485833508066,1,4.5,over,betrivers,-108.0,0.5192307692307693,0.564412606083728,0.0452,4.5,over,0.564412606083728,0.021,823774,687075,6,1
2026-06-18,2026-06-17,Nick Lodolo,CIN,NYM,CIN,NYM,5.48049163192728,1,5.5,over,novig,144.0,0.4098360655737705,0.4534103326181951,0.0436,5.0,over,0.4534103326181951,-0.09,824503,666157,2,0
2026-06-18,2026-06-17,Aaron Civale,ATH,PIT,ATH,PIT,3.987116169439143,1,3.5,over,novig,105.0,0.4878048780487805,0.5292719297949043,0.0415,3.5,over,0.5292719297949043,-0.0141,824992,650644,2,0
2026-06-18,2026-06-17,Kyle Bradish,BAL,SEA,SEA,BAL,5.665128273040402,1,5.5,over,novig,117.0,0.4608294930875576,0.4896740992850849,0.0288,5.5,under,0.5103259007149151,-0.0331,823127,680694,12,1
2026-06-18,2026-06-17,Casey Mize,DET,HOU,HOU,DET,4.382386199254112,1,4.5,over,prophetx,142.0,0.4132231404958678,0.4414561604390013,0.0282,4.0,over,0.4414561604390013,-0.1019,824178,663554,3,0
2026-06-18,2026-06-17,Sandy Alcantara,MIA,PHI,PHI,MIA,4.537584323742574,1,4.5,under,draftkings,104.0,0.4901960784313725,0.5143321062732688,0.0241,4.5,under,0.5143321062732688,-0.029,823450,645261,6,0
2026-06-18,2026-06-17,Andrew Painter,PHI,MIA,PHI,MIA,4.085897672351146,1,3.5,over,draftkings,-119.0,0.54337899543379,0.5603246326877064,0.0169,4.0,under,0.6155053580956278,0.0721,823450,691725,3,0
2026-06-18,2026-06-17,Zack Littell,WSH,KC,WSH,KC,3.1063425439669947,1,3.5,under,prophetx,-136.0,0.576271186440678,0.5913536130666865,0.0151,3.0,under,0.5913536130666865,0.048,822721,641793,2,1
2026-06-18,2026-06-17,Eduardo Rodriguez,AZ,LAA,AZ,LAA,5.459035350392623,1,4.5,over,fanduel,-144.0,0.5901639344262295,0.6020627439077937,0.0119,5.0,over,0.4456655237132835,-0.0977,825072,593958,5,1
2026-06-18,2026-06-17,Nolan McLean,NYM,CIN,CIN,NYM,6.144628528617069,1,6.5,under,draftkings,-124.0,0.5535714285714286,0.5625168521708426,0.0089,6.0,under,0.5625168521708426,0.0191,824503,690997,9,0
2026-06-18,2026-06-17,Javier Assad,CHC,COL,CHC,COL,4.091873699078736,1,4.5,under,fanduel,-138.0,0.5798319327731093,0.5886009626345099,0.0088,4.0,under,0.5886009626345099,0.0452,824668,665871,1,1
2026-06-18,2026-06-17,Shane McClanahan,TB,LAD,LAD,TB,4.720831444256255,1,4.5,over,prophetx,101.0,0.4975124378109453,0.5028117784446947,0.0053,4.5,over,0.5028117784446947,-0.0406,823940,663556,3,0
2026-06-18,2026-06-17,Anthony Kay,CWS,NYY,NYY,CWS,4.51610078489679,1,4.5,under,draftkings,-107.0,0.5169082125603864,0.5208864367665569,0.004,4.5,under,0.5208864367665569,-0.0225,823536,641743,2,1
2026-06-18,2026-06-17,Kyle Leahy,STL,SD,STL,SD,3.935381653019365,1,3.5,over,prophetx,-120.0,0.5454545454545454,0.5454270332645742,-0.0,4.0,under,0.6302556533695522,0.0869,823044,681517,7,1
2026-06-18,2026-06-17,Braxton Ashcraft,PIT,ATH,ATH,PIT,5.52979752014469,1,5.5,under,novig,-107.0,0.5169082125603864,0.5167390909770646,-0.0002,5.5,under,0.5167390909770646,-0.0266,824992,677952,7,0
2026-06-18,2026-06-17,George Kirby,SEA,BAL,SEA,BAL,6.019365851060757,1,6.5,under,novig,-140.0,0.5833333333333334,0.5819763446955334,-0.0014,6.0,under,0.5819763446955334,0.0386,823127,669923,5,1
2026-06-18,2026-06-17,Carlos Rodón,NYY,CWS,NYY,CWS,5.89291763503491,1,5.5,over,novig,-115.0,0.5348837209302325,0.5321057669842705,-0.0028,6.0,under,0.6122937102858221,0.0689,823536,607074,7,1
2026-06-18,2026-06-17,Luinder Avila,KC,WSH,WSH,KC,3.373949365119454,0,,,,,,,,,,,,822721,679883,5,-2
2026-06-18,2026-06-17,Grant Holmes,ATL,SF,ATL,SF,4.197990560035706,0,,,,,,,,,,,,824912,656550,2,-2
2026-06-18,2026-06-17,Adrian Houser,SF,ATL,ATL,SF,3.848462953041846,0,,,,,,,,,,,,824912,605288,2,-2
2026-06-18,2026-06-17,Bradgley Rodriguez,SD,STL,STL,SD,1.3794703729103528,0,,,,,,,,,,,,823044,699134,1,-2
2026-06-18,2026-06-17,Sam Aldegheri,LAA,AZ,AZ,LAA,4.164731868571308,0,,,,,,,,2.5,over,0.7565487564040142,0.2132,825072,691951,1,-2
2026-06-18,2026-06-17,JR Ritchie,ATL,SF,ATL,SF,4.744699568268513,0,,,,,,,,3.5,over,0.6775650564595308,0.1342,824913,702275,4,-2
2026-06-18,2026-06-17,Sean Sullivan,COL,CHC,CHC,COL,1.390008522727317,0,,,,,,,,3.5,under,0.902655608921252,0.3593,824668,807743,2,-2
2026-06-19,2026-06-18,Sean Manaea,NYM,PHI,PHI,NYM,2.1680404341095256,1,5.5,under,prophetx,-130.0,0.5652173913043478,0.8324046336260651,0.2672,,,,,823448,640455,5,1
2026-06-19,2026-06-18,Trey Yesavage,TOR,BOS,BOS,TOR,4.278397567997857,1,7.5,under,draftkings,-105.0,0.5121951219512195,0.7553408301693283,0.2431,,,,,824748,702056,6,1
2026-06-19,2026-06-18,Joe Ryan,MIN,TEX,TEX,MIN,5.324602154885751,1,6.5,under,novig,104.0,0.4901960784313725,0.6081178727919961,0.1179,,,,,822889,657746,7,0
2026-06-19,2026-06-18,Noah Cameron,KC,STL,KC,STL,5.310083476314388,1,4.5,over,prophetx,125.0,0.4444444444444444,0.5421199022027481,0.0977,,,,,824098,702070,6,1
2026-06-19,2026-06-18,Landen Roupp,SF,ATL,ATL,SF,6.028902544200392,1,5.5,over,novig,141.0,0.4149377593360996,0.5005655007647023,0.0856,,,,,824911,694738,-1,-2
2026-06-19,2026-06-18,Gage Jump,ATH,LAA,ATH,LAA,4.829946748032445,1,5.5,under,betopenly,-104.0,0.5098039215686274,0.5831809189809497,0.0734,,,,,824989,695611,7,0
2026-06-19,2026-06-18,Jack Leiter,TEX,MIN,TEX,MIN,6.142984759674388,1,5.5,over,novig,120.0,0.4545454545454545,0.5278744602805577,0.0733,,,,,822889,683004,4,0
2026-06-19,2026-06-18,Matthew Liberatore,STL,KC,KC,STL,4.507209854672188,1,4.5,over,novig,153.0,0.3952569169960474,0.4463702681218156,0.0511,,,,,824098,669461,2,0
2026-06-19,2026-06-18,Sean Burke,CWS,NYY,NYY,CWS,4.783204249286791,1,5.5,under,novig,-125.0,0.5555555555555556,0.6010518613641751,0.0455,,,,,823533,680732,8,0
2026-06-19,2026-06-18,Parker Messick,CLE,MIL,MIL,CLE,3.878500130965892,1,4.5,under,betmgm,-125.0,0.5555555555555556,0.5892426957935251,0.0337,,,,,823772,800048,9,0
2026-06-19,2026-06-18,Aaron Nola,PHI,NYM,PHI,NYM,5.381890555798447,1,5.5,over,novig,130.0,0.4347826086956521,0.447683263664309,0.0129,,,,,823448,605400,6,1
2026-06-19,2026-06-18,Sonny Gray,BOS,TOR,BOS,TOR,3.802504119074064,1,3.5,over,draftkings,105.0,0.4878048780487805,0.4990035363891775,0.0112,,,,,824748,543243,4,1
2026-06-19,2026-06-18,Martín Pérez,ATL,SF,ATL,SF,4.490009910773336,1,4.5,over,novig,122.0,0.4504504504504504,0.4610348398486949,0.0106,,,,,824911,527048,-1,-2
2026-06-19,2026-06-18,Shane Baz,BAL,SEA,SEA,BAL,5.1630705137370185,1,5.5,under,bovada,-130.0,0.5652173913043478,0.5694790527075041,0.0043,,,,,823125,669358,9,0
2026-06-19,2026-06-18,Ryan Weathers,NYY,CWS,NYY,CWS,5.757400829269355,1,5.5,over,novig,-102.0,0.504950495049505,0.5087884594407817,0.0038,,,,,823533,677960,8,1
2026-06-19,2026-06-18,Bryan Woo,SEA,BAL,SEA,BAL,6.504446614075156,1,6.5,over,novig,113.0,0.4694835680751174,0.4709534408285772,0.0015,,,,,823125,693433,9,1
2026-06-19,2026-06-18,Shane Drohan,MIL,CLE,MIL,CLE,5.341144011055132,1,5.5,over,draftkings,115.0,0.4651162790697674,0.4456444779539536,-0.0195,,,,,823772,675660,3,0
2026-06-20,2026-06-19,Ben Brown,CHC,TOR,CHC,TOR,5.010689179526283,0,,,,,,,,,,,,824663,676962,4,-2
2026-06-20,2026-06-19,Kevin Gausman,TOR,CHC,CHC,TOR,4.643898683114436,0,,,,,,,,,,,,824663,592332,3,-2
2026-06-20,2026-06-19,Tarik Skubal,DET,CWS,DET,CWS,6.022164904604484,0,,,,,,,,,,,,824264,669373,8,-2
2026-06-20,2026-06-19,Brandon Eisert,CWS,DET,DET,CWS,1.5951304024003563,0,,,,,,,,,,,,824264,685126,2,-2
2026-06-20,2026-06-19,Cam Schlittler,NYY,CIN,NYY,CIN,6.697501525693072,0,,,,,,,,,,,,823534,693645,13,-2
2026-06-20,2026-06-19,Rhett Lowder,CIN,NYY,NYY,CIN,3.787168580083697,0,,,,,,,,,,,,823534,695076,5,-2
2026-06-20,2026-06-19,Griffin Jax,TB,WSH,TB,WSH,4.446941408859868,0,,,,,,,,,,,,822966,643377,5,-2
2026-06-20,2026-06-19,PJ Poulin,WSH,TB,TB,WSH,1.5265575895659451,0,,,,,,,,,,,,822966,676571,1,-2
2026-06-20,2026-06-19,Lake Bachar,MIA,SF,MIA,SF,3.55055579542893,0,,,,,,,,,,,,823853,669199,1,-2
2026-06-20,2026-06-19,Landen Roupp,SF,MIA,MIA,SF,5.988367209428506,0,,,,,,,,,,,,823853,694738,7,-2
2026-06-20,2026-06-19,Martín Pérez,ATL,MIL,ATL,MIL,4.229726251813783,0,,,,,,,,,,,,824910,527048,5,-2
2026-06-20,2026-06-19,Jacob Misiorowski,MIL,ATL,ATL,MIL,7.3795871597656335,0,,,,,,,,,,,,824910,694819,7,-2
2026-06-20,2026-06-19,Jacob deGrom,TEX,SD,TEX,SD,6.750721158672245,0,,,,,,,,,,,,822886,594798,9,-2
2026-06-20,2026-06-19,Randy Vásquez,SD,TEX,TEX,SD,3.900012289876441,0,,,,,,,,,,,,822886,681190,1,-2
2026-06-20,2026-06-19,Tatsuya Imai,HOU,CLE,HOU,CLE,5.915318086971248,0,,,,,,,,,,,,824179,837227,11,-2
2026-06-20,2026-06-19,Tanner Bibee,CLE,HOU,HOU,CLE,4.107018162387822,0,,,,,,,,,,,,824179,676440,7,-2
2026-06-20,2026-06-19,Seth Lugo,KC,STL,KC,STL,3.5871697648761054,0,,,,,,,,,,,,824097,607625,0,-2
2026-06-20,2026-06-19,Michael McGreevy,STL,KC,KC,STL,3.7818372170916734,0,,,,,,,,,,,,824097,700241,2,-2
2026-06-20,2026-06-19,Kyle Freeland,COL,PIT,COL,PIT,4.296015628883041,0,,,,,,,,,,,,824345,607536,8,-2
2026-06-20,2026-06-19,Bubba Chandler,PIT,COL,COL,PIT,4.551763423776141,0,,,,,,,,,,,,824345,696149,1,-2
2026-06-20,2026-06-19,Jeffrey Springs,ATH,LAA,ATH,LAA,4.876804360113696,0,,,,,,,,,,,,824990,605488,4,-2
2026-06-20,2026-06-19,José Soriano,LAA,ATH,ATH,LAA,6.045143219688844,0,,,,,,,,,,,,824990,667755,6,-2
2026-06-20,2026-06-19,Michael Soroka,AZ,MIN,AZ,MIN,4.906358660277295,0,,,,,,,,,,,,825069,647336,0,-2
2026-06-20,2026-06-19,Connor Prielipp,MIN,AZ,AZ,MIN,4.153696689455248,0,,,,,,,,,,,,825069,687570,4,-2
2026-06-20,2026-06-19,Roki Sasaki,LAD,BAL,LAD,BAL,6.2552484357376335,0,,,,,,,,,,,,823936,808963,6,-2
2026-06-20,2026-06-19,Trey Gibson,BAL,LAD,LAD,BAL,4.160832080012391,0,,,,,,,,,,,,823936,694346,8,-2
2026-06-20,2026-06-19,Bryce Miller,SEA,BOS,SEA,BOS,6.1873262007691245,0,,,,,,,,,,,,823124,682243,7,-2
2026-06-20,2026-06-19,Ranger Suarez,BOS,SEA,SEA,BOS,4.6799441592184925,0,,,,,,,,,,,,823124,624133,5,-2
2026-06-21,2026-06-20,Troy Melton,DET,CWS,DET,CWS,3.810812765874021,1,4.5,over,pinnacle,122.0,0.4504504504504504,0.4295265957609715,-0.0209,4.0,under,0.5704734042390285,0.0271,824263,675512,5,1
2026-06-21,2026-06-20,Sean Newcomb,CWS,DET,DET,CWS,1.3448362961897014,0,,,,,,,,,,,,824263,656794,4,-2
2026-06-21,2026-06-20,Will Warren,NYY,CIN,NYY,CIN,5.470217282376401,1,5.5,over,pinnacle,-130.0,0.5652173913043478,0.5241802283033633,-0.041,6.0,under,0.620031855526082,0.0767,823532,701542,8,1
2026-06-21,2026-06-20,Andrew Abbott,CIN,NYY,NYY,CIN,4.672123081056833,1,4.5,over,betrivers,114.0,0.4672897196261682,0.4530006160809431,-0.0143,4.5,under,0.5469993839190569,0.0036,823532,671096,6,1
2026-06-21,2026-06-20,Colin Rea,CHC,TOR,CHC,TOR,4.432162707337856,1,3.5,over,betrivers,-117.0,0.5391705069124424,0.6142713501156783,0.0751,3.5,over,0.6142713501156783,0.0709,824665,607067,3,0
2026-06-21,2026-06-20,Patrick Corbin,TOR,CHC,CHC,TOR,3.789693595134182,1,3.5,over,novig,-100.0,0.5,0.5359191923940099,0.0359,3.5,over,0.5359191923940099,-0.0075,824665,571578,4,1
2026-06-21,2026-06-20,MacKenzie Gore,TEX,SD,TEX,SD,7.5909336518582675,1,6.5,over,pinnacle,122.0,0.4504504504504504,0.4548030501987588,0.0044,,,,,822885,669022,6,0
2026-06-21,2026-06-20,Walker Buehler,SD,TEX,TEX,SD,3.9351858679551786,1,4.5,over,pinnacle,130.0,0.4347826086956521,0.4446047878308575,0.0098,4.0,over,0.4446047878308575,-0.0988,822885,621111,7,1
2026-06-21,2026-06-20,Ian Seymour,TB,WSH,TB,WSH,3.890836838116485,1,4.5,under,betrivers,-124.0,0.5535714285714286,0.5580452001099416,0.0045,4.5,under,0.5580452001099416,0.0147,822967,693855,4,1
2026-06-21,2026-06-20,Cade Cavalli,WSH,TB,TB,WSH,5.090073068555931,1,4.5,over,betrivers,105.0,0.4878048780487805,0.5589232974140464,0.0711,4.5,over,0.5589232974140464,0.0155,822967,676917,1,0
2026-06-21,2026-06-20,Max Meyer,MIA,SF,MIA,SF,5.042151511257596,1,5.5,under,pinnacle,110.0,0.4761904761904761,0.5378888681677731,0.0617,,,,,823854,676974,7,0
2026-06-21,2026-06-20,Trevor McDonald,SF,MIA,MIA,SF,5.308881097924892,1,4.5,over,betrivers,107.0,0.4830917874396135,0.5616587633143634,0.0786,4.5,over,0.5616587633143634,0.0183,823854,686790,1,0
2026-06-21,2026-06-20,Chris Sale,ATL,MIL,ATL,MIL,7.110457251519861,1,7.5,over,fanduel,116.0,0.4629629629629629,0.4715042521304844,0.0085,7.0,over,0.4715042521304844,-0.0719,824909,519242,7,0
2026-06-21,2026-06-20,Kyle Harrison,MIL,ATL,ATL,MIL,5.977128257846453,1,5.5,under,pinnacle,113.0,0.4694835680751174,0.4815780172446166,0.0121,6.0,under,0.6256096674451554,0.0822,824909,690986,7,0
2026-06-21,2026-06-20,Spencer Arrighetti,HOU,CLE,HOU,CLE,5.753084095865751,1,5.5,over,betrivers,-132.0,0.5689655172413793,0.557026903984672,-0.0119,6.0,under,0.587495618953964,0.0441,824180,681293,8,1
2026-06-21,2026-06-20,Joey Cantillo,CLE,HOU,HOU,CLE,4.398478846417118,1,4.5,over,pinnacle,-102.0,0.504950495049505,0.5787017722491866,0.0738,4.5,over,0.5787017722491866,0.0353,824180,676282,9,1
2026-06-21,2026-06-20,Cristopher Sánchez,PHI,NYM,PHI,NYM,7.471922439790346,1,7.5,over,pinnacle,125.0,0.4444444444444444,0.4773763563822899,0.0329,7.0,over,0.4773763563822899,-0.066,823447,650911,5,0
2026-06-21,2026-06-20,Freddy Peralta,NYM,PHI,PHI,NYM,4.812716401204418,1,5.5,over,pinnacle,121.0,0.4524886877828054,0.4514494083584759,-0.001,5.0,over,0.4514494083584759,-0.0919,823447,642547,2,0
2026-06-21,2026-06-20,Tomoyuki Sugano,COL,PIT,COL,PIT,3.83408694499271,0,,,,,,,,,,,,824342,608372,5,-2
2026-06-21,2026-06-20,Paul Skenes,PIT,COL,COL,PIT,5.821449531109761,1,6.5,under,betrivers,-103.0,0.5073891625615764,0.5845831324708859,0.0772,6.5,under,0.5845831324708859,0.0412,824342,694973,8,0
2026-06-21,2026-06-20,J.T. Ginn,ATH,LAA,ATH,LAA,4.918326264660491,1,5.5,over,betrivers,114.0,0.4672897196261682,0.4581797924586047,-0.0091,5.0,over,0.4581797924586047,-0.0852,824988,669372,5,0
2026-06-21,2026-06-20,Walbert Ureña,LAA,ATH,ATH,LAA,5.666738272368666,0,,,,,,,,,,,,824988,700712,6,-2
2026-06-21,2026-06-20,Yoshinobu Yamamoto,LAD,BAL,LAD,BAL,7.47977448134765,1,7.5,under,betrivers,-150.0,0.6,0.5866712193654151,-0.0133,7.0,under,0.5866712193654151,0.0433,823937,808967,6,1
2026-06-21,2026-06-20,Trevor Rogers,BAL,LAD,LAD,BAL,3.2350065471115914,1,3.5,over,betrivers,-152.0,0.6031746031746031,0.5858764042237157,-0.0173,4.0,under,0.589466965493936,0.0461,823937,669432,6,1
2026-06-21,2026-06-20,Emerson Hancock,SEA,BOS,SEA,BOS,5.39826170166425,1,5.5,over,betrivers,117.0,0.4608294930875576,0.4804958166851454,0.0197,5.0,over,0.4804958166851454,-0.0629,823126,676106,6,1
2026-06-21,2026-06-20,Connelly Early,BOS,SEA,SEA,BOS,5.442397293060529,1,6.5,under,betrivers,-143.0,0.588477366255144,0.6296667775566116,0.0412,6.0,under,0.6296667775566116,0.0863,823126,813349,7,0
2026-06-21,2026-06-20,Zac Gallen,AZ,MIN,AZ,MIN,3.973176231197542,1,4.5,over,betrivers,108.0,0.4807692307692308,0.5520381759203156,0.0713,4.0,over,0.5520381759203156,0.0087,825068,668678,2,0
2026-06-21,2026-06-20,Taj Bradley,MIN,AZ,AZ,MIN,6.152050790243274,1,4.5,over,betrivers,-122.0,0.5495495495495496,0.6245018426869866,0.075,5.0,over,0.4698779390226463,-0.0735,825068,671737,4,0
2026-06-22,2026-06-21,Zack Wheeler,PHI,NYM,PHI,NYM,6.150463150557129,1,4.5,over,novig,108.0,0.4807692307692308,0.6297162415304544,0.1489,,,,,823449,554430,7,1
2026-06-22,2026-06-21,Jared Jones,PIT,COL,COL,PIT,3.522701246679866,1,5.5,under,betrivers,-159.0,0.6138996138996139,0.7266310924963555,0.1127,,,,,824343,683003,3,1
2026-06-22,2026-06-21,Michael Lorenzen,COL,PIT,COL,PIT,3.4875037371884354,1,4.5,under,fanatics,-115.0,0.5348837209302325,0.6228337728458617,0.088,,,,,824343,547179,5,0
2026-06-22,2026-06-21,Reid Detmers,LAA,ATH,ATH,LAA,5.587517464041508,1,6.5,under,fanatics,100.0,0.5,0.5864110414496743,0.0864,,,,,824987,672282,4,1
2026-06-22,2026-06-21,Payton Tolle,BOS,SEA,SEA,BOS,4.811996130971135,1,6.5,under,betrivers,-157.0,0.6108949416342413,0.6846218175236717,0.0737,,,,,823123,801139,2,1
2026-06-22,2026-06-21,Davis Martin,CWS,DET,DET,CWS,6.221263724600374,1,5.5,over,betrivers,120.0,0.4545454545454545,0.5229779570204178,0.0684,,,,,824260,663436,4,0
2026-06-22,2026-06-21,Robert Gasser,MIL,ATL,ATL,MIL,4.473044937643392,1,5.5,under,draftkings,-127.0,0.5594713656387665,0.6206032555945709,0.0611,,,,,824908,688107,7,0
2026-06-22,2026-06-21,Mike Paredes,MIN,AZ,AZ,MIN,3.451138506346078,1,4.5,under,hardrock,-145.0,0.5918367346938775,0.6467674997895723,0.0549,,,,,825067,702474,1,1
2026-06-22,2026-06-21,Dylan Cease,TOR,CHC,CHC,TOR,6.4026914611152375,1,6.5,under,draftkings,119.0,0.45662100456621,0.5028460343139494,0.0462,,,,,824664,656302,-1,-2
2026-06-22,2026-06-21,Ryan Gusto,MIA,SF,MIA,SF,3.218146341635497,1,3.5,under,betrivers,100.0,0.5,0.540339676150783,0.0403,,,,,823852,687473,6,0
2026-06-22,2026-06-21,Emmet Sheehan,LAD,BAL,LAD,BAL,5.81431687609197,1,6.5,under,betrivers,-114.0,0.5327102803738317,0.5719498401247977,0.0392,,,,,823934,686218,4,1
2026-06-22,2026-06-21,Jack Perkins,ATH,LAA,ATH,LAA,6.315346561197168,1,5.5,over,hardrock,-110.0,0.5238095238095238,0.5543409011936206,0.0305,,,,,824987,678022,8,1
2026-06-22,2026-06-21,Stephen Kolek,KC,STL,KC,STL,3.0878351240979733,1,3.5,under,betrivers,-121.0,0.5475113122171946,0.5721980722521915,0.0247,,,,,824095,663568,0,1
2026-06-22,2026-06-21,Dustin May,STL,KC,KC,STL,4.427772540874213,1,5.5,under,betrivers,-167.0,0.6254681647940075,0.6471735263388806,0.0217,,,,,824095,669160,2,1
2026-06-22,2026-06-21,Kai-Wei Teng,HOU,CLE,HOU,CLE,6.082573199667648,1,5.5,over,betrivers,-104.0,0.5098039215686274,0.5282517315184775,0.0184,,,,,824177,678906,4,0
2026-06-22,2026-06-21,David Peterson,NYM,PHI,PHI,NYM,4.303560521261929,1,4.5,under,betrivers,-107.0,0.5169082125603864,0.533830102612137,0.0169,,,,,823449,656849,5,0
2026-06-22,2026-06-21,Bryce Elder,ATL,MIL,ATL,MIL,4.551228906068837,1,4.5,over,betrivers,120.0,0.4545454545454545,0.4669975695917459,0.0125,,,,,824908,693821,6,1
2026-06-22,2026-06-21,Logan Webb,SF,MIA,MIA,SF,5.2841237267097885,1,5.5,under,betrivers,-112.0,0.5283018867924528,0.5325846995296706,0.0043,,,,,823852,657277,5,1
2026-06-22,2026-06-21,Slade Cecconi,CLE,HOU,HOU,CLE,3.83127987936765,1,4.5,under,betrivers,-167.0,0.6254681647940075,0.6177934223999956,-0.0077,,,,,824177,677944,1,1
2026-06-22,2026-06-21,Keider Montero,DET,CWS,DET,CWS,3.862234757228828,1,3.5,over,betrivers,-113.0,0.5305164319248826,0.5195461172893306,-0.011,,,,,824260,672456,3,0
2026-06-22,2026-06-21,Nick Martinez,TB,WSH,TB,WSH,4.1285660251470455,1,3.5,over,betrivers,-137.0,0.5780590717299579,0.5644204726473616,-0.0136,,,,,822968,607259,5,1
2026-06-22,2026-06-21,Logan Gilbert,SEA,BOS,SEA,BOS,7.420568227004495,1,6.5,over,betrivers,-148.0,0.5967741935483871,0.5804999882772452,-0.0163,,,,,823123,669302,8,1
2026-06-22,2026-06-21,Elmer Rodríguez,NYY,CIN,NYY,CIN,4.258750465641278,1,3.5,over,betrivers,-157.0,0.6108949416342413,0.5882268346509322,-0.0227,,,,,823531,695684,4,1
2026-06-22,2026-06-21,Nathan Eovaldi,TEX,SD,TEX,SD,5.935548970558409,1,5.5,over,betrivers,-132.0,0.5689655172413793,0.5353397878795738,-0.0336,,,,,822883,543135,9,1
2026-06-22,2026-06-21,Chase Burns,CIN,NYY,NYY,CIN,7.011151470702157,1,7.5,under,betrivers,-159.0,0.6138996138996139,0.5792502483927967,-0.0346,,,,,823531,695505,7,1
2026-06-22,2026-06-21,Shota Imanaga,CHC,TOR,CHC,TOR,4.867212689932766,1,4.5,over,parx,-152.0,0.6031746031746031,0.5423265747816797,-0.0608,,,,,824664,684007,-1,-2
2026-06-22,2026-06-21,Brandon Young,BAL,LAD,LAD,BAL,4.053300056056256,1,3.5,over,betrivers,-175.0,0.6363636363636364,0.5754309688934001,-0.0609,,,,,823934,687064,5,1
2026-06-22,2026-06-21,Andrew Alvarez,WSH,TB,TB,WSH,3.794320264777835,1,3.5,over,betrivers,-162.0,0.6183206106870229,0.5414972820205726,-0.0768,,,,,822968,674841,6,1
2026-06-22,2026-06-21,Wandy Peralta,SD,TEX,TEX,SD,1.1704660954791897,0,,,,,,,,,,,,822883,593974,0,-2
2026-06-22,2026-06-21,Jose Cabrera,AZ,MIN,AZ,MIN,2.044217005943067,0,,,,,,,,,,,,825067,703615,3,-2
2026-06-23,2026-06-22,Andre Pallante,STL,AZ,STL,AZ,5.298684673913045,1,3.5,over,pinnacle,-123.0,0.5515695067264574,0.6733298715513486,0.1218,,,,,823040,669467,2,0
2026-06-23,2026-06-22,Merrill Kelly,AZ,STL,STL,AZ,4.776284662870831,1,3.5,over,betrivers,-103.0,0.5073891625615764,0.6097790012210137,0.1024,,,,,823040,518876,2,0
2026-06-23,2026-06-22,Gerrit Cole,NYY,DET,DET,NYY,4.780718483630134,1,5.5,under,pinnacle,-108.0,0.5192307692307693,0.6066926087717471,0.0875,,,,,824261,543037,5,1
2026-06-23,2026-06-22,Kyle Bradish,BAL,LAA,LAA,BAL,5.145813442969764,1,6.5,under,betrivers,-125.0,0.5555555555555556,0.6376186337509474,0.0821,,,,,824016,680694,9,0
2026-06-23,2026-06-22,Gavin Williams,CLE,CWS,CWS,CLE,6.079701678993461,1,4.5,over,caesars,-130.0,0.5652173913043478,0.6397366059860086,0.0745,,,,,824585,668909,8,1
2026-06-23,2026-06-22,Brady Singer,CIN,MIL,CIN,MIL,4.7478645438705644,1,5.5,under,novig,-113.0,0.5305164319248826,0.5914522429316333,0.0609,,,,,824502,663903,7,0
2026-06-23,2026-06-22,Zebby Matthews,MIN,LAD,MIN,LAD,5.14423729555071,1,4.5,over,pinnacle,103.0,0.4926108374384236,0.5355518716395454,0.0429,,,,,823692,805673,5,1
2026-06-23,2026-06-22,Dylan Cease,TOR,HOU,TOR,HOU,7.979374165649328,1,7.5,over,betrivers,120.0,0.4545454545454545,0.4972006344640092,0.0427,,,,,822800,656302,8,1
2026-06-23,2026-06-22,Shota Imanaga,CHC,NYM,NYM,CHC,4.543991491038226,1,5.5,under,betrivers,-139.0,0.5815899581589958,0.6219046546911311,0.0403,,,,,823613,684007,-1,-2
2026-06-23,2026-06-22,Eric Lauer,LAD,MIN,MIN,LAD,3.432879366836786,1,3.5,under,betrivers,112.0,0.4716981132075472,0.5081482365710503,0.0365,,,,,823692,641778,2,1
2026-06-23,2026-06-22,Ryan Feltner,COL,BOS,COL,BOS,4.296401408174241,1,3.5,over,betrivers,-113.0,0.5305164319248826,0.5663713064081304,0.0359,,,,,824344,663372,2,0
2026-06-23,2026-06-22,Kodai Senga,NYM,CHC,NYM,CHC,5.176686521421739,1,4.5,over,betrivers,-108.0,0.5192307692307693,0.544041699414692,0.0248,,,,,823613,673540,-1,-2
2026-06-23,2026-06-22,Anthony Kay,CWS,CLE,CWS,CLE,4.791258262604957,1,4.5,over,caesars,101.0,0.4975124378109453,0.5180207912410137,0.0205,,,,,824585,641743,8,1
2026-06-23,2026-06-22,Framber Valdez,DET,NYY,DET,NYY,5.433883502797324,1,4.5,over,caesars,-140.0,0.5833333333333334,0.592483129514192,0.0091,,,,,824261,664285,8,1
2026-06-23,2026-06-22,Michael King,SD,ATL,SD,ATL,5.243899700043833,1,4.5,over,betrivers,-127.0,0.5594713656387665,0.5633858365732938,0.0039,,,,,823288,650633,5,1
2026-06-23,2026-06-22,Tyler Phillips,MIA,TEX,MIA,TEX,3.9971436277496255,1,4.5,under,betrivers,-141.0,0.5850622406639004,0.5881905198103086,0.0031,,,,,823851,663969,4,1
2026-06-23,2026-06-22,Hunter Brown,HOU,TOR,TOR,HOU,5.375319843683136,1,5.5,under,betrivers,-114.0,0.5327102803738317,0.5259615560106552,-0.0067,,,,,822800,686613,4,1
2026-06-23,2026-06-22,Jake Bennett,BOS,COL,COL,BOS,3.621029679744353,1,3.5,over,betrivers,106.0,0.4854368932038835,0.4775388856636219,-0.0079,,,,,824344,687562,9,1
2026-06-23,2026-06-22,Grant Holmes,ATL,SD,SD,ATL,4.562116912362046,1,4.5,over,betrivers,107.0,0.4830917874396135,0.4718713998976786,-0.0112,,,,,823288,656550,4,0
2026-06-23,2026-06-22,Michael Wacha,KC,TB,TB,KC,3.8370346938269817,1,4.5,under,betrivers,-175.0,0.6363636363636364,0.6206227078853943,-0.0157,,,,,822964,608379,5,0
2026-06-23,2026-06-22,Sam Aldegheri,LAA,BAL,LAA,BAL,4.236081147733255,1,4.5,over,betrivers,125.0,0.4444444444444444,0.42482310675062,-0.0196,,,,,824016,691951,3,0
2026-06-23,2026-06-22,Foster Griffin,WSH,PHI,WSH,PHI,5.113350061488873,1,5.5,under,betrivers,-157.0,0.6108949416342413,0.5770723439334742,-0.0338,,,,,822720,656492,9,0
2026-06-23,2026-06-22,Drew Rasmussen,TB,KC,TB,KC,5.880521803054426,1,5.5,over,betrivers,-162.0,0.6183206106870229,0.5465394654136406,-0.0718,,,,,822964,656876,5,0
2026-06-23,2026-06-22,Tyler Alexander,TEX,MIA,MIA,TEX,1.207115042996014,0,,,,,,,,,,,,823851,641302,1,-2
2026-06-24,2026-06-23,Eduardo Rodriguez,AZ,STL,STL,AZ,4.101528340778955,1,5.5,under,pinnacle,-101.0,0.5024875621890548,0.6353457583405777,0.1329,,,,,823043,593958,5,1
2026-06-24,2026-06-23,George Kirby,SEA,PIT,PIT,SEA,5.133930535085243,1,5.5,under,pinnacle,124.0,0.4464285714285714,0.5528012671295802,0.1064,,,,,823365,669923,5,1
2026-06-24,2026-06-23,Parker Messick,CLE,CWS,CWS,CLE,4.642084643383589,1,5.5,under,caesars,105.0,0.4878048780487805,0.5917945586899681,0.104,,,,,824584,800048,10,0
2026-06-24,2026-06-23,Sonny Gray,BOS,COL,COL,BOS,3.9452064926354926,1,4.5,under,betrivers,117.0,0.4608294930875576,0.5475816358278742,0.0868,,,,,824340,543243,11,0
2026-06-24,2026-06-23,Jesús Luzardo,PHI,WSH,WSH,PHI,5.2217686701603885,1,5.5,under,betrivers,120.0,0.4545454545454545,0.5124291022801548,0.0579,,,,,822718,666200,13,0
2026-06-24,2026-06-23,Robbie Ray,SF,ATH,SF,ATH,5.098592274090153,1,5.5,under,betrivers,108.0,0.4807692307692308,0.5338608708315036,0.0531,,,,,823210,592662,6,0
2026-06-24,2026-06-23,Justin Wrobleski,LAD,MIN,MIN,LAD,3.557935830513748,1,4.5,under,betrivers,-137.0,0.5780590717299579,0.6307538310621632,0.0527,,,,,823690,680736,3,1
2026-06-24,2026-06-23,Nick Lodolo,CIN,MIL,CIN,MIL,4.36821738911066,1,4.5,under,betrivers,120.0,0.4545454545454545,0.5047391639067885,0.0502,,,,,824501,666157,6,0
2026-06-24,2026-06-23,Sean Sullivan,COL,BOS,COL,BOS,3.970902182273945,1,3.5,over,betrivers,117.0,0.4608294930875576,0.5092517385048506,0.0484,,,,,824340,807743,3,0
2026-06-24,2026-06-23,Edward Cabrera,CHC,NYM,NYM,CHC,5.096652433362736,1,4.5,over,novig,-104.0,0.5098039215686274,0.5497861621055544,0.04,,,,,823614,665795,4,0
2026-06-24,2026-06-23,Kyle Leahy,STL,AZ,STL,AZ,3.471943250643314,1,3.5,under,betrivers,116.0,0.4629629629629629,0.4997344607822154,0.0368,,,,,823043,681517,3,1
2026-06-24,2026-06-23,Ryan Johnson,LAA,BAL,LAA,BAL,4.770370897387471,1,4.5,over,betrivers,118.0,0.4587155963302752,0.4890725423175546,0.0304,,,,,824017,696270,8,1
2026-06-24,2026-06-23,Carlos Rodón,NYY,DET,DET,NYY,5.6414374790473065,1,5.5,under,pinnacle,114.0,0.4672897196261682,0.4832391294945563,0.0159,,,,,824262,607074,5,1
2026-06-24,2026-06-23,Shane Baz,BAL,LAA,LAA,BAL,5.275726297608565,1,5.5,under,betrivers,-108.0,0.5192307692307693,0.5303906232511352,0.0112,,,,,824017,669358,5,1
2026-06-24,2026-06-23,Luinder Avila,KC,TB,TB,KC,3.5965408811952564,1,3.5,over,pinnacle,117.0,0.4608294930875576,0.4720172190129439,0.0112,,,,,822963,679883,6,1
2026-06-24,2026-06-23,Sandy Alcantara,MIA,TEX,MIA,TEX,5.342348095060806,1,5.5,over,parx,128.0,0.4385964912280701,0.4417399720937607,0.0031,,,,,823849,645261,4,0
2026-06-24,2026-06-23,Shane McClanahan,TB,KC,TB,KC,5.408074910885713,1,5.5,over,betrivers,120.0,0.4545454545454545,0.4498981307408317,-0.0046,,,,,822963,663556,4,0
2026-06-24,2026-06-23,Kodai Senga,NYM,CHC,NYM,CHC,4.605834681076852,1,4.5,under,betrivers,100.0,0.5,0.49417436291334,-0.0058,,,,,823614,673540,6,0
2026-06-24,2026-06-23,Brandon Sproat,MIL,CIN,CIN,MIL,4.704242182720666,1,4.5,under,caesars,100.0,0.5,0.4932680899050315,-0.0067,,,,,824501,687075,10,0
2026-06-24,2026-06-23,JR Ritchie,ATL,SD,SD,ATL,4.485430150496366,1,3.5,over,betrivers,-167.0,0.6254681647940075,0.6151846325745456,-0.0103,,,,,823286,702275,7,1
2026-06-24,2026-06-23,Mitch Keller,PIT,SEA,PIT,SEA,4.901047553680239,1,4.5,over,betrivers,-117.0,0.5391705069124424,0.5239015514601886,-0.0153,,,,,823365,656605,4,0
2026-06-24,2026-06-23,Casey Mize,DET,NYY,DET,NYY,5.496496107563011,1,5.5,over,pinnacle,103.0,0.4926108374384236,0.4742254809343399,-0.0184,,,,,824262,663554,6,1
2026-06-24,2026-06-23,Aaron Civale,ATH,SF,SF,ATH,3.3878880607456585,1,3.5,under,betrivers,-132.0,0.5689655172413793,0.5445029814269098,-0.0245,,,,,823210,650644,5,0
2026-06-24,2026-06-23,Peter Lambert,HOU,TOR,TOR,HOU,4.085656651941796,1,3.5,over,betrivers,-148.0,0.5967741935483871,0.5651955256491015,-0.0316,,,,,822799,663567,6,1
2026-06-24,2026-06-23,Sean Burke,CWS,CLE,CWS,CLE,5.596373210389763,1,5.5,over,fanatics,-150.0,0.6,0.5228277053027934,-0.0772,,,,,824584,680732,6,1
2026-06-24,2026-06-23,Shane Bieber,TOR,HOU,TOR,HOU,2.152576390402736,0,,,,,,,,,,,,822799,669456,2,-2
2026-06-24,2026-06-23,PJ Poulin,WSH,PHI,WSH,PHI,1.791560569581228,0,,,,,,,,,,,,822718,676571,1,-2
2026-06-24,2026-06-23,Kendry Rojas,MIN,LAD,MIN,LAD,1.5454749880926493,0,,,,,,,,,,,,823690,696070,4,-2
2026-06-24,2026-06-23,Wandy Peralta,SD,ATL,SD,ATL,1.3627932972265526,0,,,,,,,,,,,,823286,593974,2,-2
2026-06-25,2026-06-24,Braxton Ashcraft,PIT,SEA,PIT,SEA,6.224655043805992,1,5.5,over,prophetx,275.0,0.2666666666666666,0.5077216980543564,0.2411,,,,,823367,677952,10,1
2026-06-25,2026-06-24,Tarik Skubal,DET,NYY,DET,NYY,6.137499787693507,1,6.5,under,novig,135.0,0.425531914893617,0.5783523634943943,0.1528,,,,,824259,669373,9,0
2026-06-25,2026-06-24,Joe Ryan,MIN,LAD,MIN,LAD,5.718889497020883,1,5.5,over,prophetx,210.0,0.3225806451612903,0.4711508327781071,0.1486,,,,,823691,657746,9,1
2026-06-25,2026-06-24,Ryan Weathers,NYY,DET,DET,NYY,5.115397433316056,1,5.5,under,betrivers,102.0,0.495049504950495,0.6056689726003288,0.1106,,,,,824259,677960,6,0
2026-06-25,2026-06-24,Shane Drohan,MIL,CIN,CIN,MIL,5.176526453791063,1,4.5,over,novig,115.0,0.4651162790697674,0.5681454211209014,0.103,,,,,824500,675660,5,1
2026-06-25,2026-06-24,Shota Imanaga,CHC,NYM,NYM,CHC,4.272076757180555,1,5.5,under,fanatics,-115.0,0.5348837209302325,0.6333367486012516,0.0985,,,,,823611,684007,4,1
2026-06-25,2026-06-24,Trey Yesavage,TOR,HOU,TOR,HOU,5.216513099288103,1,5.5,under,pinnacle,-103.0,0.5073891625615764,0.5981066168334861,0.0907,,,,,822798,702056,5,1
2026-06-25,2026-06-24,Matthew Liberatore,STL,AZ,STL,AZ,4.240466814756449,1,3.5,over,betrivers,118.0,0.4587155963302752,0.5382482433954258,0.0795,,,,,823041,669461,3,0
2026-06-25,2026-06-24,Ranger Suarez,BOS,COL,COL,BOS,4.818774530778557,1,6.5,under,hardrock,-155.0,0.6078431372549019,0.6847997313298498,0.077,,,,,824341,624133,9,0
2026-06-25,2026-06-24,Mike Burrows,HOU,TOR,TOR,HOU,4.214966053282435,1,5.5,under,pinnacle,-134.0,0.5726495726495726,0.6493150245753817,0.0767,,,,,822798,681347,3,1
2026-06-25,2026-06-24,Bryan Woo,SEA,PIT,PIT,SEA,4.79561310645368,1,5.5,under,betrivers,-125.0,0.5555555555555556,0.6297196470748002,0.0742,,,,,823367,693433,4,1
2026-06-25,2026-06-24,Sean Manaea,NYM,CHC,NYM,CHC,4.492542878913973,1,5.5,under,betrivers,-124.0,0.5535714285714286,0.6165000181270395,0.0629,,,,,823611,640455,4,1
2026-06-25,2026-06-24,Martín Pérez,ATL,SD,SD,ATL,3.58306514339029,1,4.5,under,pinnacle,-146.0,0.5934959349593496,0.636087022154076,0.0426,,,,,823284,527048,4,1
2026-06-25,2026-06-24,Aaron Nola,PHI,WSH,WSH,PHI,4.929589446695808,1,4.5,over,prophetx,-116.0,0.5370370370370371,0.5720595880161107,0.035,,,,,822719,605400,5,1
2026-06-25,2026-06-24,Kyle Freeland,COL,BOS,COL,BOS,3.8576522614049606,1,3.5,over,hardrock,-105.0,0.5121951219512195,0.5353635279329447,0.0232,,,,,824341,607536,4,1
2026-06-25,2026-06-24,José Soriano,LAA,BAL,LAA,BAL,7.039930011405575,1,6.5,over,betrivers,-103.0,0.5073891625615764,0.5212173912205148,0.0138,,,,,824018,667755,4,0
2026-06-25,2026-06-24,Rhett Lowder,CIN,MIL,CIN,MIL,3.875737923543458,1,4.5,under,betrivers,-157.0,0.6108949416342413,0.6133443342014226,0.0024,,,,,824500,695076,6,0
2026-06-25,2026-06-24,Trey Gibson,BAL,LAA,LAA,BAL,5.372317768665386,1,4.5,under,novig,-100.0,0.5,0.501774720750088,0.0018,,,,,824018,694346,5,0
2026-06-25,2026-06-24,Griffin Jax,TB,KC,TB,KC,5.347028330648659,1,4.5,over,betrivers,-143.0,0.588477366255144,0.586180315891266,-0.0023,,,,,822965,643377,7,1
2026-06-25,2026-06-24,Shohei Ohtani,LAD,MIN,MIN,LAD,6.518080850347562,1,6.5,over,novig,108.0,0.4807692307692308,0.4758711546362416,-0.0049,,,,,823691,660271,8,1
2026-06-25,2026-06-24,Noah Cameron,KC,TB,TB,KC,4.539148584288561,1,4.5,over,betrivers,112.0,0.4716981132075472,0.465189570303612,-0.0065,,,,,822965,702070,5,1
2026-06-25,2026-06-24,Nolan McLean,NYM,CHC,NYM,CHC,6.430323631173879,1,5.5,over,betrivers,-162.0,0.6183206106870229,0.5994246723710195,-0.0189,,,,,823613,690997,9,1
2026-06-25,2026-06-24,Tyler Mahle,SF,ATH,SF,ATH,4.27762115879642,1,4.5,under,betrivers,-136.0,0.576271186440678,0.5539565586881265,-0.0223,,,,,823208,641816,4,1
2026-06-25,2026-06-24,Jacob deGrom,TEX,MIA,MIA,TEX,6.916328997054707,1,6.5,over,betrivers,-137.0,0.5780590717299579,0.5439848003382523,-0.0341,,,,,823850,594798,8,1
2026-06-25,2026-06-24,Tanner Bibee,CLE,CWS,CWS,CLE,5.130158064954664,1,5.5,under,betrivers,-159.0,0.6138996138996139,0.5771317151602151,-0.0368,,,,,824583,676440,3,1
2026-06-25,2026-06-24,Erick Fedde,CWS,CLE,CWS,CLE,4.159756097276392,1,3.5,over,betrivers,-175.0,0.6363636363636364,0.585555066386784,-0.0508,,,,,824583,607200,2,0
2026-06-25,2026-06-24,Gage Jump,ATH,SF,SF,ATH,4.789428083685978,1,4.5,over,betrivers,-143.0,0.588477366255144,0.5299990444824927,-0.0585,,,,,823208,695611,9,1
2026-06-25,2026-06-24,Javier Assad,CHC,NYM,NYM,CHC,3.5569369918049056,1,3.5,over,betrivers,-150.0,0.6,0.5333958685910926,-0.0666,,,,,823613,665871,5,1
2026-06-25,2026-06-24,Eury Pérez,MIA,TEX,MIA,TEX,5.576800660648264,0,,,,,,,,,,,,823850,691587,1,-2
2026-06-26,2026-06-25,Cam Schlittler,NYY,BOS,BOS,NYY,4.927779652346912,1,6.5,under,novig,-125.0,0.5555555555555556,0.6686030286164397,0.113,6.5,under,0.6530839291994222,0.1097,824747,693645,9,0
2026-06-26,2026-06-25,Connelly Early,BOS,NYY,BOS,NYY,5.09415751230241,1,5.5,under,bet365,-105.0,0.5121951219512195,0.5511987252425631,0.039,5.5,under,0.5228328796346474,-0.0205,824747,813349,9,0
2026-06-26,2026-06-25,Matthew Boyd,CHC,NYM,NYM,CHC,4.230564188603292,1,4.5,under,novig,-111.0,0.5260663507109005,0.5523287614118644,0.0263,,,,,823612,571510,4,1
2026-06-26,2026-06-25,Freddy Peralta,NYM,CHC,NYM,CHC,4.922596840558068,1,5.5,under,novig,-127.0,0.5594713656387665,0.5851341782492805,0.0257,5.0,over,0.4702626950481174,-0.0731,823612,642547,5,1
2026-06-26,2026-06-25,Cristopher Sánchez,PHI,WSH,WSH,PHI,5.671095437842956,1,6.5,under,betrivers,-136.0,0.576271186440678,0.5994570615646838,0.0232,6.5,under,0.5064813789625686,-0.0369,822717,650911,6,1
2026-06-26,2026-06-25,Michael McGreevy,STL,AZ,STL,AZ,3.6509973110768654,1,2.5,over,pinnacle,-170.0,0.6296296296296297,0.6488409053206212,0.0192,3.0,over,0.6868923360792727,0.1435,823042,700241,-1,-2
2026-06-26,2026-06-25,Troy Melton,DET,HOU,DET,HOU,3.9495487067865183,1,4.5,under,parx,-148.0,0.5967741935483871,0.6093694906367754,0.0126,4.0,over,0.4697593495084047,-0.0736,824258,675512,6,0
2026-06-26,2026-06-25,Bryce Miller,SEA,PIT,PIT,SEA,5.184350673935808,1,5.5,under,betrivers,-120.0,0.5454545454545454,0.5477881055328554,0.0023,,,,,823366,682243,11,0
2026-06-26,2026-06-25,Cade Cavalli,WSH,PHI,WSH,PHI,5.283791884656669,1,4.5,over,betrivers,-136.0,0.576271186440678,0.5725222973322471,-0.0037,5.0,under,0.5656307726436987,0.0223,822717,676917,7,1
2026-06-26,2026-06-25,Zac Gallen,AZ,STL,STL,AZ,3.7032849141356015,1,3.5,over,pinnacle,-103.0,0.5073891625615764,0.5035314838618526,-0.0039,3.5,over,0.5188259252627093,-0.0246,823042,668678,-1,-2
2026-06-26,2026-06-25,Seth Lugo,KC,TB,TB,KC,3.9346384276964166,1,4.5,under,betrivers,-167.0,0.6254681647940075,0.6068902994758425,-0.0186,,,,,822961,607625,3,1
2026-06-26,2026-06-25,MacKenzie Gore,TEX,TOR,TOR,TEX,5.393860062412206,1,4.5,over,betrivers,-159.0,0.6138996138996139,0.5951302148233383,-0.0188,5.0,over,0.4489399497816471,-0.0944,822797,669022,5,1
2026-06-26,2026-06-25,Tatsuya Imai,HOU,DET,DET,HOU,5.484485596233718,1,5.5,under,betmgm,-125.0,0.5555555555555556,0.5269733929708467,-0.0286,5.0,over,0.4883441522543559,-0.055,824258,837227,10,0
2026-06-26,2026-06-25,Jeffrey Springs,ATH,SF,SF,ATH,4.575111966379756,1,4.5,over,betrivers,-124.0,0.5535714285714286,0.4923931852125336,-0.0612,4.5,under,0.5150390921404127,-0.0283,823209,605488,6,1
2026-06-26,2026-06-25,Bubba Chandler,PIT,SEA,PIT,SEA,4.644936058119841,1,4.5,over,betrivers,-137.0,0.5780590717299579,0.512395097797172,-0.0657,,,,,823366,696149,4,0
2026-06-26,2026-06-25,Kevin Gausman,TOR,TEX,TOR,TEX,5.408119063692781,1,5.5,over,betrivers,-155.0,0.6078431372549019,0.5012332618264467,-0.1066,6.0,under,0.628520294850838,0.0851,822797,592332,4,0
2026-06-26,2026-06-25,Landen Roupp,SF,ATH,SF,ATH,5.240050812180791,1,5.5,over,betrivers,-165.0,0.6226415094339622,0.4854879207152976,-0.1372,6.0,under,0.6013635205311769,0.058,823209,694738,6,1
2026-06-26,2026-06-25,Casey Legumina,TB,KC,TB,KC,1.55748487269278,0,,,,,,,,,,,,822961,668984,0,-2
2026-06-27,2026-06-26,Zach Thornton,NYM,PHI,NYM,PHI,2.31380297419735,1,4.5,under,betrivers,-165.0,0.6226415094339622,0.7723042628332513,0.1497,,,,,823610,804267,7,0
2026-06-27,2026-06-26,Trevor Rogers,BAL,WSH,BAL,WSH,3.7577374351860526,1,4.5,under,fanduel,104.0,0.4901960784313725,0.58343212594682,0.0932,,,,,824824,669432,7,0
2026-06-27,2026-06-26,Zack Wheeler,PHI,NYM,NYM,PHI,5.695977926183101,1,6.5,under,betrivers,-106.0,0.5145631067961165,0.5793294438224862,0.0648,,,,,823610,554430,5,1
2026-06-27,2026-06-26,Jacob Misiorowski,MIL,CHC,MIL,CHC,7.734678094012518,1,8.5,under,betrivers,-103.0,0.5073891625615764,0.5596442249445956,0.0523,,,,,823773,694819,8,1
2026-06-27,2026-06-26,Michael McGreevy,STL,MIA,STL,MIA,4.752119961813773,1,3.5,over,betrivers,-134.0,0.5726495726495726,0.6203631568027765,0.0477,,,,,823039,700241,4,1
2026-06-27,2026-06-26,Joey Cantillo,CLE,SEA,CLE,SEA,4.748903325818178,1,5.5,under,novig,-125.0,0.5555555555555556,0.6005137393304842,0.045,,,,,824423,676282,9,0
2026-06-27,2026-06-26,J.T. Ginn,ATH,LAA,LAA,ATH,4.993245131126867,1,5.5,under,betrivers,-120.0,0.5454545454545454,0.589709652119516,0.0443,,,,,824014,669372,5,1
2026-06-27,2026-06-26,Andrew Abbott,CIN,PIT,PIT,CIN,5.809523959670391,1,4.5,over,betrivers,-150.0,0.6,0.6270823823903652,0.0271,,,,,823363,671096,6,1
2026-06-27,2026-06-26,Luis Castillo,SEA,CLE,CLE,SEA,5.504865985866951,1,4.5,over,novig,-141.0,0.5850622406639004,0.6057288259217631,0.0207,,,,,824423,622491,4,0
2026-06-27,2026-06-26,Spencer Arrighetti,HOU,DET,DET,HOU,4.84131875629924,1,5.5,under,betrivers,-132.0,0.5689655172413793,0.5890502692856343,0.0201,,,,,824255,681293,7,0
2026-06-27,2026-06-26,Nick Martinez,TB,AZ,TB,AZ,3.794853223976702,1,3.5,over,pinnacle,104.0,0.4901960784313725,0.5044027274295665,0.0142,,,,,822962,607259,3,0
2026-06-27,2026-06-26,Nathan Eovaldi,TEX,TOR,TOR,TEX,4.5912483812713285,1,5.5,under,betrivers,-159.0,0.6138996138996139,0.6273428303431314,0.0134,,,,,822796,543135,9,0
2026-06-27,2026-06-26,Zac Gallen,AZ,TB,TB,AZ,4.169860499156521,1,3.5,over,betrivers,-121.0,0.5475113122171946,0.5599684595262467,0.0125,,,,,822962,668678,0,0
2026-06-27,2026-06-26,Taj Bradley,MIN,COL,MIN,COL,6.698585715022007,1,6.5,over,betrivers,112.0,0.4716981132075472,0.4815639696066329,0.0099,,,,,823688,671737,7,1
2026-06-27,2026-06-26,Roki Sasaki,LAD,SD,SD,LAD,5.850393000247039,1,5.5,over,betrivers,102.0,0.495049504950495,0.5034486570217285,0.0084,,,,,823285,808963,2,0
2026-06-27,2026-06-26,Colin Rea,CHC,MIL,MIL,CHC,4.694724913268675,1,3.5,over,fanatics,-170.0,0.6296296296296297,0.6371838095179877,0.0076,,,,,823773,607067,4,1
2026-06-27,2026-06-26,Walbert Ureña,LAA,ATH,LAA,ATH,5.628047366227406,1,4.5,over,betrivers,-155.0,0.6078431372549019,0.6133689570338469,0.0055,,,,,824014,700712,5,1
2026-06-27,2026-06-26,Walker Buehler,SD,LAD,SD,LAD,3.918208308897182,1,4.5,under,betrivers,-148.0,0.5967741935483871,0.5982915232119965,0.0015,,,,,823285,621111,5,0
2026-06-27,2026-06-26,Payton Tolle,BOS,NYY,BOS,NYY,5.808659661191018,1,5.5,over,parx,-105.0,0.5121951219512195,0.5121179631719764,-0.0001,,,,,824743,801139,7,1
2026-06-27,2026-06-26,Andrew Alvarez,WSH,BAL,BAL,WSH,4.904734575960266,1,4.5,over,novig,-125.0,0.5555555555555556,0.5418392376886589,-0.0137,,,,,824824,674841,5,1
2026-06-27,2026-06-26,Keider Montero,DET,HOU,DET,HOU,3.718303571929615,1,3.5,over,novig,-113.0,0.5305164319248826,0.5123375461089053,-0.0182,,,,,824255,672456,3,0
2026-06-27,2026-06-26,David Sandlin,CWS,KC,CWS,KC,4.165453555722383,1,4.5,under,hardrock,-150.0,0.6,0.5769408040031012,-0.0231,,,,,824582,689818,6,0
2026-06-27,2026-06-26,Max Meyer,MIA,STL,STL,MIA,4.6662592666184,1,5.5,under,betrivers,-132.0,0.5689655172413793,0.5378331588068914,-0.0311,,,,,823039,676974,5,1
2026-06-27,2026-06-26,Tomoyuki Sugano,COL,MIN,MIN,COL,3.4549366282559144,1,3.5,under,betrivers,-143.0,0.588477366255144,0.5431799837110363,-0.0453,,,,,823688,608372,2,1
2026-06-27,2026-06-26,Patrick Corbin,TOR,TEX,TOR,TEX,4.102162819491452,1,3.5,over,betrivers,-165.0,0.6226415094339622,0.5665009620418058,-0.0561,,,,,822796,571578,5,1
2026-06-27,2026-06-26,Will Warren,NYY,BOS,BOS,NYY,4.734088529837842,1,4.5,over,pinnacle,-145.0,0.5918367346938775,0.5302380502819402,-0.0616,,,,,824743,701542,0,0
2026-06-27,2026-06-26,Paul Skenes,PIT,CIN,PIT,CIN,7.554120389055632,1,7.5,over,pinnacle,-149.0,0.5983935742971888,0.5127295528191217,-0.0857,,,,,823363,694973,7,0
2026-06-27,2026-06-26,Reynaldo López,ATL,SF,SF,ATL,3.493472887537697,0,,,,,,,,,,,,823206,625643,1,-2
2026-06-27,2026-06-27,Jose Cabrera,AZ,TB,TB,AZ,1.6118834438976133,1,3.5,under,fanduel,104.0,0.4901960784313725,0.7353122114803883,0.2451,4.0,under,0.8279086104470299,0.2845,822960,703615,4,0
2026-06-27,2026-06-27,Foster Griffin,WSH,BAL,BAL,WSH,4.876897864150832,1,5.5,under,novig,153.0,0.3952569169960474,0.5319256590231044,0.1367,6.0,under,0.6762812005064365,0.1329,824825,656492,9,0
2026-06-27,2026-06-27,Andre Pallante,STL,MIA,STL,MIA,5.897678932018259,1,4.5,over,novig,104.0,0.4901960784313725,0.60737183981778,0.1172,4.5,over,0.5796173948824923,0.0362,823038,669467,4,0
2026-06-27,2026-06-27,Randy Vásquez,SD,LAD,SD,LAD,4.791965754686893,1,3.5,over,fanduel,-100.0,0.5,0.6116155518060848,0.1116,3.5,over,0.6335733846230586,0.0902,823283,681190,1,0
2026-06-27,2026-06-27,Brandon Young,BAL,WSH,BAL,WSH,5.157001138425837,1,4.5,over,fanduel,126.0,0.4424778761061947,0.5224068232902553,0.0799,4.0,over,0.5310167756356501,-0.0124,824825,687064,8,1
2026-06-27,2026-06-27,Davis Martin,CWS,KC,CWS,KC,5.960830041370882,1,5.5,over,novig,135.0,0.425531914893617,0.4988676138749008,0.0733,5.0,over,0.5010383295302243,-0.0423,824581,663436,3,0
2026-06-27,2026-06-27,Reid Detmers,LAA,ATH,LAA,ATH,6.092113350852885,1,7.5,under,fanduel,-140.0,0.5833333333333334,0.6483807421180673,0.065,7.0,under,0.6357365946222241,0.0924,824015,672282,8,0
2026-06-27,2026-06-27,Michael Wacha,KC,CWS,CWS,KC,4.242036789092752,1,4.5,under,bet365,105.0,0.4878048780487805,0.5414269967151188,0.0536,4.5,over,0.4948443600072624,-0.0485,824581,608379,7,0
2026-06-27,2026-06-27,Gerrit Cole,NYY,BOS,BOS,NYY,4.26412246097469,1,5.5,under,betrivers,-157.0,0.6108949416342413,0.6623744239053696,0.0515,,,,,824745,543037,5,1
2026-06-27,2026-06-27,Yoshinobu Yamamoto,LAD,SD,SD,LAD,5.797662067991068,1,6.5,under,novig,-130.0,0.5652173913043478,0.5932018135446686,0.028,6.0,over,0.4129399236498902,-0.1304,823283,808967,4,1
2026-06-27,2026-06-27,Logan Webb,SF,ATL,SF,ATL,5.849206738880178,1,4.5,over,betmgm,-155.0,0.6078431372549019,0.6357267596815799,0.0279,5.0,over,0.4752258697172048,-0.0682,823207,657277,6,1
2026-06-27,2026-06-27,Jared Jones,PIT,CIN,PIT,CIN,5.31952803596183,1,5.5,under,bet365,-110.0,0.5238095238095238,0.5479750899439356,0.0242,,,,,823364,683003,4,1
2026-06-27,2026-06-27,Mike Paredes,MIN,COL,MIN,COL,3.675480865635286,1,3.5,over,novig,104.0,0.4901960784313725,0.5025692832102254,0.0124,3.5,over,0.5396063782507207,-0.0038,823689,702474,2,0
2026-06-27,2026-06-27,Michael Lorenzen,COL,MIN,MIN,COL,3.792149874590237,1,4.5,under,fanduel,-158.0,0.6124031007751938,0.623883989613398,0.0115,4.0,over,0.4363745567609431,-0.107,823689,547179,1,1
2026-06-27,2026-06-27,Ryan Gusto,MIA,STL,STL,MIA,3.616353370269082,1,3.5,over,novig,-102.0,0.504950495049505,0.4945620947297325,-0.0104,3.5,over,0.5514613530703006,0.0081,823038,687473,4,1
2026-06-27,2026-06-27,Kyle Harrison,MIL,CHC,MIL,CHC,6.257384594425997,1,5.5,over,betrivers,-148.0,0.5967741935483871,0.5794553020827844,-0.0173,6.0,over,0.4645061424619283,-0.0789,823770,690986,9,1
2026-06-27,2026-06-27,Slade Cecconi,CLE,SEA,CLE,SEA,4.513046442111007,1,4.5,under,draftkings,-122.0,0.5495495495495496,0.5301366210576698,-0.0194,4.5,over,0.4801537678321331,-0.0632,824421,677944,4,1
2026-06-27,2026-06-27,Chase Burns,CIN,PIT,PIT,CIN,6.966102877892171,1,7.5,under,draftkings,-156.0,0.609375,0.5883781691774754,-0.021,7.0,over,0.4267343902172669,-0.1166,823364,695505,10,0
2026-06-27,2026-06-27,Dylan Cease,TOR,TEX,TOR,TEX,7.99731927311335,1,7.5,over,pinnacle,-133.0,0.5708154506437768,0.5452130555060895,-0.0256,8.0,under,0.6227985639229872,0.0794,822794,656302,10,1
2026-06-27,2026-06-27,Kai-Wei Teng,HOU,DET,DET,HOU,5.26839692689991,1,5.5,under,betrivers,-143.0,0.588477366255144,0.5627375892494335,-0.0257,,,,,824257,678906,1,1
2026-06-27,2026-06-27,David Peterson,CHC,MIL,MIL,CHC,4.4937632490166575,1,4.5,over,novig,-106.0,0.5145631067961165,0.4838283740930386,-0.0307,4.5,over,0.51798050408274,-0.0254,823770,656849,2,0
2026-06-27,2026-06-27,Christian Scott,NYM,PHI,NYM,PHI,4.59294683519674,1,4.5,over,bet365,-115.0,0.5348837209302325,0.5031903218772572,-0.0317,4.5,over,0.4835821951971574,-0.0598,823609,681035,6,1
2026-06-27,2026-06-27,Bryce Elder,ATL,SF,SF,ATL,4.3064635252207655,1,4.5,under,draftkings,-153.0,0.6047430830039525,0.5679170414252311,-0.0368,4.0,over,0.4247015875627405,-0.1187,823207,693821,4,1
2026-06-27,2026-06-27,Jake Bennett,BOS,NYY,BOS,NYY,4.40117724803847,1,4.5,under,fanduel,-144.0,0.5901639344262295,0.5508748056066295,-0.0393,,,,,824745,687562,3,1
2026-06-27,2026-06-27,Logan Gilbert,SEA,CLE,CLE,SEA,6.495515889662982,1,6.5,over,draftkings,-126.0,0.5575221238938053,0.5081948556523186,-0.0493,7.0,under,0.6489132688893308,0.1055,824421,669302,7,1
2026-06-27,2026-06-27,Framber Valdez,DET,HOU,DET,HOU,4.625286742906876,1,4.5,over,fanduel,-148.0,0.5967741935483871,0.5203520659342665,-0.0764,,,,,824257,664285,2,0
2026-06-27,2026-06-27,Jack Perkins,ATH,LAA,LAA,ATH,5.089081157336194,1,5.5,over,bet365,-130.0,0.5652173913043478,0.4754788115818657,-0.0897,6.0,under,0.6432712553525259,0.0999,824015,678022,5,0
2026-06-27,2026-06-27,Cal Quantrill,TEX,TOR,TOR,TEX,1.2929508183348193,0,,,,,,,,,,,,822794,615698,5,-2
2026-06-27,2026-06-27,Tim Mayza,PHI,NYM,NYM,PHI,1.8983855823503224,0,,,,,,,,,,,,823609,641835,1,-2
2026-06-27,2026-06-27,Cole Sulser,TB,AZ,TB,AZ,1.490256945399918,0,,,,,,,,,,,,822960,642121,1,-2
