game_date,game_pk,game_time,venue,away_team,home_team,pitcher,pitcher_name,team,opp_team,is_home,day_night,pred_k,adj_k,p_over_4.5,p_over_5.5,p_over_6.5,p_over_7.5,p_over_8.5,has_line,book_line,book_side,best_book,best_odds,book_implied,model_prob_book_line,edge_book,pp_line,pp_side,model_prob_pp_line,edge_pp,ud_line,ud_side,model_prob_ud_line,edge_ud,is_frozen,book_markets,rest_days,prev_pitches,n_prior_starts,opp_k_pct_15,opp_ops_15,opp_chase_pct_15,n_prior_team_games,park_k_factor,temp_f,wind_speed,wind_favor,is_dome,p_k_per9_10,p_bb_per9_10,p_hr_per9_10,p_whip_10,p_fip_10,p_k_pct_10,p_swstr_pct_10,p_called_strike_pct_10,p_chase_pct_10,p_fp_strike_pct_10,p_fastball_velo_10,p_fastball_pct_10,p_slider_pct_10,p_curveball_pct_10,p_changeup_pct_10,p_other_pct_10,p_avg_pitches_10,p_avg_ip_10
2026-08-10,823998,2026-08-11T01:38:00Z,Angel Stadium,TEX,LAA,672282,Reid Detmers,LAA,TEX,1,night,5.224123425315931,5.9842346336863415,0.5881234279190873,0.430971239838835,0.2941408353238849,0.192023846535027,0.1253398773782023,1,6.5,under,fanduel,126,0.4424778761061947,0.5979515428073229,0.15547366670112817,7.0,under,0.7215326796852866,0.1782,6.5,under,0.5979515428073229,0.0631,0,"{""pinnacle"": {""line"": 7.5, ""over"": 121, ""under"": -162}, ""fanduel"": {""line"": 6.5, ""over"": -162, ""under"": 126}, ""draftkings"": {""line"": 6.5, ""over"": -150, ""under"": 117}, ""betrivers"": {""line"": 6.5, ""over"": -148, ""under"": 110}, ""novig"": {""line"": 7.5, ""over"": 127, ""under"": -153}, ""betmgm"": {""line"": 6.5, ""over"": -140, ""under"": 105}}",5,81,23.0,0.2589118198874296,0.6851891557080236,0.3037974683544304,1019.0,105.5,86.3,9.5,2.618554880261492,0.0,9.947368421052632,2.526315789473684,1.4210526315789471,1.0,3.7842105263157895,0.28,0.2443438914027149,0.1711111111111111,0.3159090909090909,0.6977777777777778,94.24061757719714,0.4677777777777778,0.3422222222222222,0.1188888888888888,0.0711111111111111,0.0,90.0,5.7
2026-08-10,823675,2026-08-10T23:40:00Z,Target Field,BAL,MIN,669432,Trevor Rogers,BAL,MIN,0,night,3.87817476210572,4.327593189194421,0.3626396546475269,0.2265176791406181,0.1385335441441404,0.0897881367428488,0.0661577356488173,1,4.5,under,bet365,125,0.4444444444444444,0.5585990508527856,0.11415460640834119,5.0,under,0.7088591131391576,0.1655,4.5,under,0.5585990508527856,0.0237,0,"{""pinnacle"": {""line"": 4.5, ""over"": -145, ""under"": 110}, ""fanduel"": {""line"": 4.5, ""over"": -148, ""under"": 116}, ""draftkings"": {""line"": 4.5, ""over"": -159, ""under"": 124}, ""betrivers"": {""line"": 4.5, ""over"": -159, ""under"": 110}, ""novig"": {""line"": 4.5, ""over"": -130, ""under"": 122}, ""betmgm"": {""line"": 4.5, ""over"": -155, ""under"": 115}}",5,93,21.0,0.187725631768953,0.6495053717689607,0.294755877034358,1010.0,101.7,88.6,6.7,-1.163442790368433,0.0,7.524590163934426,2.065573770491804,0.2950819672131147,1.0491803278688523,2.5426229508196725,0.2098765432098765,0.2178217821782178,0.1557017543859649,0.363855421686747,0.720164609053498,93.90140845070422,0.5449561403508771,0.1469298245614035,0.0,0.2214912280701754,0.0866228070175438,91.2,6.1
2026-08-10,823918,2026-08-11T02:10:00Z,UNIQLO Field at Dodger Stadium,KC,LAD,669373,Tarik Skubal,LAD,KC,1,night,6.363135930530123,7.023842521654768,0.7345566688514532,0.5996782564995248,0.4566366445179559,0.3266090415521172,0.2231861275030381,1,7.5,under,fanduel,112,0.4716981132075472,0.5856451533714571,0.11394704016390989,8.0,under,0.7033797402432671,0.16,7.5,under,0.5856451533714571,0.0508,0,"{""pinnacle"": {""line"": 8.5, ""over"": 116, ""under"": -154}, ""fanduel"": {""line"": 7.5, ""over"": -142, ""under"": 112}, ""draftkings"": {""line"": 7.5, ""over"": -136, ""under"": 107}, ""betrivers"": {""line"": 7.5, ""over"": -143, ""under"": 108}, ""novig"": {""line"": 8.5, ""over"": 147, ""under"": -163}, ""betmgm"": {""line"": 7.5, ""over"": -135, ""under"": 100}}",6,85,17.0,0.1840148698884758,0.6786208593485683,0.3207373271889401,1009.0,103.6,89.2,9.7,3.945345437835262,0.0,11.6353591160221,1.1933701657458564,1.3425414364640884,0.861878453038674,3.000552486187845,0.3362068965517241,0.3312629399585921,0.1473214285714285,0.3595505617977528,0.7124463519313304,96.7090909090909,0.5524553571428571,0.1506696428571428,0.0524553571428571,0.2444196428571428,0.0,89.6,6.033333333333333
2026-08-10,822780,2026-08-10T23:07:00Z,Rogers Centre,BOS,TOR,543243,Sonny Gray,BOS,TOR,0,night,3.8432112436773984,4.200087424167911,0.3565073475402349,0.2217826836037191,0.135486793063473,0.0881077449481264,0.0653467836441722,1,4.5,under,novig,102,0.49504950495049505,0.5808290216179912,0.08577951666749617,4.5,under,0.5808290216179912,0.0375,4.5,under,0.5808290216179912,0.0459,0,"{""pinnacle"": {""line"": 4.5, ""over"": -129, ""under"": -102}, ""fanduel"": null, ""draftkings"": {""line"": 4.5, ""over"": -115, ""under"": -111}, ""betrivers"": {""line"": 4.5, ""over"": -130, ""under"": -103}, ""novig"": {""line"": 4.5, ""over"": -108, ""under"": 102}, ""betmgm"": {""line"": 4.5, ""over"": -125, ""under"": -105}}",5,83,21.0,0.1917098445595854,0.6858210729284979,0.335559265442404,1023.0,96.9,81.7,16.9,16.77402996273834,0.0,8.05759162303665,2.261780104712042,1.130890052356021,1.1465968586387434,3.696858638743456,0.2235294117647059,0.2047058823529411,0.1724137931034483,0.3539823008849557,0.66015625,91.82160664819946,0.4149425287356322,0.2149425287356322,0.1367816091954023,0.0563218390804597,0.1770114942528735,87.0,6.366666666666666
2026-08-10,823018,2026-08-10T23:45:00Z,Busch Stadium,PHI,STL,690928,Hunter Dobbins,STL,PHI,1,night,3.708966256422359,3.547363911049855,0.3330611038396311,0.2040752461976604,0.1243412139393657,0.0820939517772935,0.0625072430541241,1,3.5,over,draftkings,136,0.423728813559322,0.4761971166054171,0.052468303046095066,3.0,over,0.4761971166054171,-0.0672,3.5,over,0.4761971166054171,-0.0587,0,"{""pinnacle"": {""line"": 3.5, ""over"": 127, ""under"": -170}, ""fanduel"": {""line"": 3.5, ""over"": 122, ""under"": -156}, ""draftkings"": {""line"": 3.5, ""over"": 136, ""under"": -174}, ""betrivers"": {""line"": 3.5, ""over"": 112, ""under"": -150}, ""novig"": {""line"": 2.5, ""over"": -182, ""under"": 160}, ""betmgm"": {""line"": 3.5, ""over"": 110, ""under"": -150}}",6,92,5.0,0.1811722912966252,0.730992153187423,0.3093829247675401,1047.0,89.3,98.1,13.2,12.323261629763062,0.0,8.237288135593221,3.661016949152543,0.9152542372881356,1.3728813559322035,3.964406779661017,0.2117647058823529,0.2375,0.1507246376811594,0.2950819672131147,0.6235294117647059,94.89506172839506,0.4695652173913043,0.3594202898550724,0.0666666666666666,0.1043478260869565,0.0,86.25,4.916666666666666
2026-08-10,824969,2026-08-11T01:40:00Z,Sutter Health Park,TB,ATH,682052,Jacob Lopez,ATH,TB,1,night,4.114578677800132,4.221020795946024,0.4041822826607412,0.2597217192763529,0.1606559936289535,0.1024254618504408,0.072476198793837,1,4.5,under,fanduel,-138,0.5798319327731093,0.617167974816383,0.037336042043273676,4.0,over,0.42283202518361707,-0.1205,4.5,under,0.5771679748163829,0.0423,0,"{""pinnacle"": {""line"": 4.5, ""over"": 113, ""under"": -150}, ""fanduel"": {""line"": 4.5, ""over"": 108, ""under"": -138}, ""draftkings"": {""line"": 4.5, ""over"": 110, ""under"": -141}, ""betrivers"": {""line"": 4.5, ""over"": 108, ""under"": -143}, ""novig"": {""line"": 3.5, ""over"": -213, ""under"": null}, ""betmgm"": {""line"": 4.5, ""over"": 115, ""under"": -155}}",5,87,15.0,0.2044609665427509,0.679321785424945,0.3323970037453183,1011.0,97.5,94.5,11.8,10.69443188703247,0.0,7.744186046511629,4.395348837209303,1.8837209302325584,1.5116279069767444,5.774418604651164,0.1887755102040816,0.2140845070422535,0.1698595146871009,0.2890995260663507,0.6428571428571429,90.41655405405405,0.3780332056194125,0.3537675606641124,0.0,0.0779054916985951,0.1890166028097062,78.2,4.299999999999999
2026-08-10,823018,2026-08-10T23:45:00Z,Busch Stadium,PHI,STL,691725,Andrew Painter,PHI,STL,0,night,3.137851144810285,3.2214269570238407,0.2375667904232578,0.1386040955129614,0.0868490612599973,0.0636491193342317,0.0545493737928198,1,3.5,under,draftkings,-145,0.5918367346938775,0.6279777362551923,0.03614100156131472,3.0,over,0.41202226374480777,-0.1314,3.5,under,0.5879777362551922,0.0531,0,"{""pinnacle"": {""line"": 3.5, ""over"": 121, ""under"": -161}, ""fanduel"": {""line"": 3.5, ""over"": 124, ""under"": -158}, ""draftkings"": {""line"": 3.5, ""over"": 114, ""under"": -145}, ""betrivers"": {""line"": 3.5, ""over"": 110, ""under"": -148}, ""novig"": {""line"": 4.5, ""over"": 251, ""under"": -426}, ""betmgm"": {""line"": 3.5, ""over"": 110, ""under"": -150}}",5,63,14.0,0.2,0.6508924836145586,0.304867634500427,997.0,89.3,98.1,13.2,12.323261629763062,0.0,6.7972027972027975,3.776223776223776,2.4545454545454546,1.6783216783216783,6.51958041958042,0.1651376146788991,0.2040816326530612,0.1623296158612144,0.3061728395061728,0.6238532110091743,96.31362229102167,0.4002478314745972,0.3655514250309789,0.0681536555142503,0.1660470879801734,0.0,80.7,4.766666666666667
2026-08-10,824887,2026-08-10T23:15:00Z,Truist Park,NYM,ATL,681035,Christian Scott,NYM,ATL,0,night,4.9370982883419,5.128548660566016,0.5435608838368,0.3857032507890593,0.2558101424687757,0.1641965649322782,0.1076584103267381,1,5.5,under,draftkings,-124,0.5535714285714286,0.584075138599337,0.030503710027908415,5.0,over,0.415924861400663,-0.1275,5.5,under,0.584075138599337,0.0492,0,"{""pinnacle"": {""line"": 5.5, ""over"": -101, ""under"": -131}, ""fanduel"": {""line"": 5.5, ""over"": 106, ""under"": -136}, ""draftkings"": {""line"": 5.5, ""over"": -102, ""under"": -124}, ""betrivers"": {""line"": 5.5, ""over"": -103, ""under"": -139}, ""novig"": {""line"": 5.5, ""over"": 115, ""under"": -125}, ""betmgm"": {""line"": 5.5, ""over"": 100, ""under"": -135}}",5,96,16.0,0.2135036496350364,0.7336093330129115,0.3422756706753006,1029.0,107.1,92.5,6.7,2.8315423536626865,0.0,10.872483221476507,3.2617449664429525,1.087248322147651,1.1476510067114092,3.402013422818792,0.2926829268292683,0.2594339622641509,0.1705685618729097,0.2904656319290465,0.6048780487804878,95.11772727272728,0.4905239687848383,0.2887402452619844,0.0334448160535117,0.040133779264214,0.1460423634336677,89.6,4.966666666666667
2026-08-10,825048,2026-08-11T01:40:00Z,Chase Field,COL,AZ,647336,Michael Soroka,AZ,COL,1,night,4.086269911703452,4.231606564757101,0.3992109558537802,0.2556448110591018,0.1578698080901425,0.1007933719831749,0.0716396565417791,1,4.5,under,pinnacle,-126,0.5575221238938053,0.5753181294562821,0.017796005562476847,4.5,under,0.5753181294562821,0.0319,,,,,0,"{""pinnacle"": {""line"": 4.5, ""over"": -105, ""under"": -126}, ""fanduel"": {""line"": 4.5, ""over"": 112, ""under"": -142}, ""draftkings"": {""line"": 4.5, ""over"": 101, ""under"": -128}, ""betrivers"": {""line"": 4.5, ""over"": 106, ""under"": -141}, ""novig"": {""line"": 5.5, ""over"": 212, ""under"": -355}, ""betmgm"": {""line"": 4.5, ""over"": 100, ""under"": -135}}",52,9,15.0,0.2350877192982456,0.7486668566311162,0.3585726718885987,1007.0,91.9,108.1,0.0,0.0,1.0,7.868571428571428,1.697142857142857,0.6171428571428571,1.0799999999999998,2.9114285714285715,0.2161016949152542,0.1830065359477124,0.1652078774617068,0.3417721518987341,0.690677966101695,93.4738903394256,0.4190371991247265,0.3358862144420131,0.0,0.1225382932166301,0.1225382932166301,91.4,5.833333333333334
2026-08-10,823998,2026-08-11T01:38:00Z,Angel Stadium,TEX,LAA,669022,MacKenzie Gore,TEX,LAA,0,night,5.195938268836664,5.7048972022882385,0.5838701485823887,0.4265393096084794,0.2902924217596936,0.1891595048192076,0.1234744556479389,1,6.5,under,draftkings,-120,0.5454545454545454,0.5582272332598852,0.0127726878053398,6.5,under,0.6382272332598852,0.0948,6.5,under,0.6382272332598852,0.1033,0,"{""pinnacle"": {""line"": 6.5, ""over"": -103, ""under"": -129}, ""fanduel"": {""line"": 6.5, ""over"": 104, ""under"": -132}, ""draftkings"": {""line"": 6.5, ""over"": -106, ""under"": -120}, ""betrivers"": {""line"": 6.5, ""over"": 106, ""under"": -141}, ""novig"": {""line"": 6.5, ""over"": 108, ""under"": -120}, ""betmgm"": {""line"": 6.5, ""over"": -105, ""under"": -125}}",6,99,24.0,0.2643253234750462,0.598194918177289,0.3312217194570135,1005.0,105.5,86.3,9.5,2.618554880261492,0.0,10.48235294117647,2.223529411764706,1.5882352941176472,1.2176470588235295,4.017647058823529,0.275,0.2419700214132762,0.1389195148842337,0.3225108225108225,0.6041666666666666,95.42574468085108,0.5181918412348401,0.1058434399117971,0.1664829106945975,0.1212789415656008,0.0882028665931642,90.7,5.666666666666666
2026-08-10,824969,2026-08-11T01:40:00Z,Sutter Health Park,TB,ATH,642547,Freddy Peralta,TB,ATH,0,night,4.410840792556516,4.520178167765036,0.4558043567684928,0.3037270689726006,0.1919289515340205,0.1214827091155759,0.0826418141478756,1,4.5,over,novig,-102,0.504950495049505,0.5145498470460848,0.009599351996579797,4.5,over,0.4745498470460847,-0.0688,4.5,over,0.4745498470460847,-0.0603,0,"{""pinnacle"": {""line"": 4.5, ""over"": -126, ""under"": -105}, ""fanduel"": {""line"": 4.5, ""over"": -118, ""under"": -108}, ""draftkings"": {""line"": 4.5, ""over"": -116, ""under"": -110}, ""betrivers"": {""line"": 4.5, ""over"": -117, ""under"": -114}, ""novig"": {""line"": 4.5, ""over"": -102, ""under"": -100}, ""betmgm"": {""line"": 4.5, ""over"": -125, ""under"": -105}}",6,71,23.0,0.2393320964749536,0.600459691512803,0.3451923076923077,1000.0,97.5,94.5,11.8,10.69443188703247,0.0,8.496503496503497,3.776223776223776,1.6993006993006994,1.6993006993006994,5.113986013986015,0.198237885462555,0.2431818181818182,0.1278825995807128,0.2851985559566787,0.5198237885462555,94.51868787276342,0.5272536687631028,0.1383647798742138,0.1582809224318658,0.1750524109014675,0.0,95.3,4.766666666666667
2026-08-10,824887,2026-08-10T23:15:00Z,Truist Park,NYM,ATL,693821,Bryce Elder,ATL,NYM,1,night,4.138502013138386,4.276847974345914,0.4083804645770097,0.2631865114594499,0.1630389335806928,0.1038302260575259,0.0732008066475322,1,4.5,under,fanduel,-128,0.5614035087719298,0.5674249011922994,0.006021392420369587,,,,,4.5,under,0.5674249011922994,0.0325,0,"{""pinnacle"": {""line"": 4.5, ""over"": 105, ""under"": -140}, ""fanduel"": {""line"": 4.5, ""over"": -100, ""under"": -128}, ""draftkings"": {""line"": 4.5, ""over"": 102, ""under"": -130}, ""betrivers"": {""line"": 4.5, ""over"": -103, ""under"": -141}, ""novig"": {""line"": 5.5, ""over"": 212, ""under"": null}, ""betmgm"": {""line"": 4.5, ""over"": 100, ""under"": -135}}",5,84,22.0,0.2557726465364121,0.7052112405991009,0.3010033444816054,1012.0,107.1,92.5,6.7,2.8315423536626865,0.0,7.235294117647059,3.3529411764705883,2.4705882352941178,1.588235294117647,6.17843137254902,0.1774891774891775,0.1856763925729443,0.1682808716707022,0.2322274881516587,0.6336206896551724,91.47488687782806,0.5351089588377724,0.2094430992736077,0.0,0.0714285714285714,0.1840193704600484,82.6,5.1
2026-08-10,823265,2026-08-11T01:40:00Z,Petco Park,MIL,SD,701656,Logan Henderson,MIL,SD,0,night,4.517395370175612,4.8647812866698334,0.4740754782692708,0.3200395984002319,0.2040661033066775,0.1292235133354338,0.0869618171569279,1,5.5,under,novig,-130,0.5652173913043478,0.545705228075076,-0.01951216322927174,5.0,under,0.625705228075076,0.0823,5.5,under,0.625705228075076,0.0908,0,"{""pinnacle"": {""line"": 5.5, ""over"": 114, ""under"": -152}, ""fanduel"": {""line"": 5.5, ""over"": 112, ""under"": -142}, ""draftkings"": {""line"": 5.5, ""over"": 110, ""under"": -140}, ""betrivers"": {""line"": 5.5, ""over"": 108, ""under"": -143}, ""novig"": {""line"": 5.5, ""over"": 115, ""under"": -130}, ""betmgm"": {""line"": 5.5, ""over"": 100, ""under"": -135}}",6,83,10.0,0.1781305114638448,0.7322541906069998,0.2844901456726649,1016.0,102.0,79.7,8.3,-3.2430683664609727,0.0,11.045454545454543,1.8409090909090908,1.0227272727272727,0.9090909090909092,2.8045454545454547,0.3195266272189349,0.2330623306233062,0.1553254437869822,0.3071672354948805,0.6882352941176471,92.9485049833887,0.4452662721893491,0.0355029585798816,0.0,0.3224852071005917,0.1967455621301775,75.11111111111111,4.888888888888889
2026-08-10,823265,2026-08-11T01:40:00Z,Petco Park,MIL,SD,663554,Casey Mize,SD,MIL,1,night,4.577546420068734,4.743712126253541,0.4842943032398579,0.329333486047084,0.2111100970484661,0.1337996611800353,0.0895631475620991,1,4.5,over,bet365,-135,0.574468085106383,0.5421031734023513,-0.032364911704031774,5.0,under,0.6447469600259745,0.1014,4.5,over,0.5121031734023512,-0.0228,0,"{""pinnacle"": {""line"": 4.5, ""over"": -160, ""under"": 120}, ""fanduel"": {""line"": 4.5, ""over"": -138, ""under"": 108}, ""draftkings"": {""line"": 4.5, ""over"": -143, ""under"": 112}, ""betrivers"": {""line"": 4.5, ""over"": -137, ""under"": 104}, ""novig"": {""line"": 5.5, ""over"": 156, ""under"": -174}, ""betmgm"": {""line"": 5.5, ""over"": 155, ""under"": -210}}",5,77,17.0,0.229802513464991,0.7381715048381715,0.2652210175145955,1024.0,102.0,79.7,8.3,-3.2430683664609727,0.0,8.08383233532934,1.2934131736526946,0.4850299401197604,0.8802395209580838,2.4353293413173653,0.2347417840375587,0.2488038277511961,0.1597633136094674,0.2874109263657957,0.6713615023474179,93.68791773778922,0.4603550295857988,0.3337278106508876,0.0,0.2059171597633136,0.0,84.5,5.566666666666667
2026-08-10,823675,2026-08-10T23:40:00Z,Target Field,BAL,MIN,665152,Dean Kremer,MIN,BAL,1,night,4.624240127439973,4.933068943036749,0.4921739893659534,0.3365841676318921,0.2166700514512461,0.1374540988956684,0.0916649005780582,1,5.5,under,draftkings,-135,0.574468085106383,0.5349327954440548,-0.03953528966232822,5.0,under,0.6149327954440548,0.0716,5.5,under,0.6149327954440548,0.08,0,"{""pinnacle"": {""line"": 5.5, ""over"": 108, ""under"": -143}, ""fanduel"": {""line"": 5.5, ""over"": 110, ""under"": -140}, ""draftkings"": {""line"": 5.5, ""over"": 106, ""under"": -135}, ""betrivers"": {""line"": 5.5, ""over"": 108, ""under"": -155}, ""novig"": {""line"": 3.5, ""over"": -669, ""under"": null}, ""betmgm"": {""line"": 5.5, ""over"": 110, ""under"": -150}}",5,88,8.0,0.2458715596330275,0.6347362149279602,0.293459552495697,1004.0,101.7,88.6,6.7,-1.163442790368433,0.0,9.5,2.75,3.0,1.3611111111111112,6.238888888888889,0.2483660130718954,0.2624113475177305,0.157190635451505,0.2955974842767295,0.6298701298701299,92.67586206896551,0.3879598662207358,0.011705685618729,0.1471571906354515,0.2993311036789298,0.1521739130434782,85.28571428571429,5.142857142857143
2026-08-10,822780,2026-08-10T23:07:00Z,Rogers Centre,BOS,TOR,592791,Jameson Taillon,TOR,BOS,1,night,3.818598315584865,4.007147029551359,0.3521955713788145,0.2184790809009453,0.1333774866834938,0.0869533717788727,0.0647939909067097,1,4.5,under,novig,-135,0.574468085106383,0.5346965811751518,-0.03977150393123119,4.0,over,0.3853034188248482,-0.1581,4.5,under,0.6146965811751518,0.0798,0,"{""pinnacle"": {""line"": 4.5, ""over"": 112, ""under"": -149}, ""fanduel"": {""line"": 4.5, ""over"": 114, ""under"": -146}, ""draftkings"": {""line"": 4.5, ""over"": 108, ""under"": -138}, ""betrivers"": {""line"": 4.5, ""over"": 108, ""under"": -143}, ""novig"": {""line"": 4.5, ""over"": 133, ""under"": -135}, ""betmgm"": {""line"": 4.5, ""over"": 120, ""under"": -160}}",5,80,16.0,0.225,0.8366050524730267,0.3046683046683047,1020.0,96.9,81.7,16.9,16.77402996273834,0.0,8.006896551724138,2.793103448275862,3.3517241379310345,1.386206896551724,7.155172413793103,0.2047619047619047,0.2301790281329923,0.1589242053789731,0.3122171945701357,0.5761904761904761,91.99424920127797,0.382640586797066,0.187041564792176,0.1063569682151589,0.1748166259168704,0.1491442542787286,81.8,4.833333333333334
2026-08-10,825048,2026-08-11T01:40:00Z,Chase Field,COL,AZ,687312,Gabriel Hughes,COL,AZ,0,night,3.3391794363539167,3.5178266322154013,0.2701213204080689,0.1596949376533138,0.0982393532323765,0.0689234641255899,0.0566870873676131,1,3.5,over,draftkings,-122,0.5495495495495496,0.5004882049554489,-0.04906134459410072,3.5,over,0.4704882049554489,-0.0729,3.5,over,0.4704882049554489,-0.0644,0,"{""pinnacle"": null, ""fanduel"": {""line"": 3.5, ""over"": -128, ""under"": -100}, ""draftkings"": {""line"": 3.5, ""over"": -122, ""under"": -105}, ""betrivers"": {""line"": 3.5, ""over"": -129, ""under"": -103}, ""novig"": {""line"": 4.5, ""over"": 178, ""under"": -251}, ""betmgm"": {""line"": 3.5, ""over"": -135, ""under"": 100}}",6,77,5.0,0.1806020066889632,0.7079712870259895,0.2842438638163104,1028.0,91.9,108.1,0.0,0.0,1.0,8.4375,2.53125,0.0,1.21875,2.209375,0.2272727272727272,0.1551724137931034,0.1676470588235294,0.2857142857142857,0.6818181818181818,92.4877358490566,0.6235294117647059,0.2,0.0705882352941176,0.1058823529411764,0.0,85.0,5.333333333333333
2026-08-10,823918,2026-08-11T02:10:00Z,UNIQLO Field at Dodger Stadium,KC,LAD,702070,Noah Cameron,KC,LAD,0,night,4.272336845231248,4.578214573787944,0.4317890248815137,0.2828747333597783,0.1768393976181424,0.112122444505934,0.0775608665943852,1,4.5,over,pinnacle,-135,0.574468085106383,0.5144073914222038,-0.06006069368417921,5.0,under,0.6705629731161433,0.1272,4.5,over,0.4844073914222038,-0.0505,0,"{""pinnacle"": {""line"": 4.5, ""over"": -135, ""under"": 102}, ""fanduel"": {""line"": 4.5, ""over"": -146, ""under"": 114}, ""draftkings"": {""line"": 4.5, ""over"": -160, ""under"": 125}, ""betrivers"": {""line"": 4.5, ""over"": -162, ""under"": 120}, ""novig"": {""line"": 4.5, ""over"": -147, ""under"": 127}, ""betmgm"": {""line"": 4.5, ""over"": -155, ""under"": 115}}",5,106,21.0,0.1896243291592128,0.7540250447227191,0.3166969147005444,1042.0,103.6,89.2,9.7,3.945345437835262,0.0,8.196428571428571,3.0535714285714284,1.4464285714285714,1.3571428571428572,4.492857142857143,0.2081632653061224,0.2319474835886214,0.1521068859198355,0.279296875,0.6081632653061224,92.37898305084744,0.303186022610483,0.0822199383350462,0.1870503597122302,0.2168550873586844,0.2086330935251798,97.1,5.6
2026-08-10,823189,2026-08-11T01:45:00Z,Oracle Park,HOU,SF,669713,Hayden Wesneski,HOU,SF,0,night,3.121726428656478,3.5283538561488723,0.235029723577642,0.137015995783182,0.0860206550453307,0.0632787260568032,0.0544044659615386,1,3.5,over,novig,-153,0.6047430830039525,0.4725257974439905,-0.13221728555996204,4.0,under,0.6980726964507908,0.1547,3.5,over,0.4725257974439905,-0.0624,0,"{""pinnacle"": {""line"": 4.5, ""over"": 131, ""under"": -176}, ""fanduel"": {""line"": 3.5, ""over"": -154, ""under"": 120}, ""draftkings"": {""line"": 3.5, ""over"": -171, ""under"": 134}, ""betrivers"": {""line"": 3.5, ""over"": -162, ""under"": 120}, ""novig"": {""line"": 3.5, ""over"": -153, ""under"": 141}, ""betmgm"": {""line"": 4.5, ""over"": 110, ""under"": -150}}",6,78,2.0,0.1996434937611408,0.6789468929003812,0.3157453936348409,1004.0,100.8,67.6,13.9,12.887855578478346,0.0,6.352941176470588,3.176470588235294,0.0,1.588235294117647,3.276470588235294,0.16,0.2631578947368421,0.1772151898734177,0.4222222222222222,0.76,93.1060606060606,0.4177215189873418,0.3544303797468354,0.0253164556962025,0.0759493670886076,0.1265822784810126,79.0,5.666666666666667
